/*
SQLyog Community v13.1.7 (64 bit)
MySQL - 8.0.21 : Database - yachidb00
*********************************************************************
*/

/*!40101 SET NAMES utf8 */;

/*!40101 SET SQL_MODE=''*/;

/*!40014 SET @OLD_UNIQUE_CHECKS=@@UNIQUE_CHECKS, UNIQUE_CHECKS=0 */;
/*!40014 SET @OLD_FOREIGN_KEY_CHECKS=@@FOREIGN_KEY_CHECKS, FOREIGN_KEY_CHECKS=0 */;
/*!40101 SET @OLD_SQL_MODE=@@SQL_MODE, SQL_MODE='NO_AUTO_VALUE_ON_ZERO' */;
/*!40111 SET @OLD_SQL_NOTES=@@SQL_NOTES, SQL_NOTES=0 */;
CREATE DATABASE /*!32312 IF NOT EXISTS*/`yachidb00` /*!40100 DEFAULT CHARACTER SET utf8mb4 COLLATE utf8mb4_0900_ai_ci */ /*!80016 DEFAULT ENCRYPTION='N' */;

USE `yachidb00`;

/*Table structure for table `admin_activity` */

DROP TABLE IF EXISTS `admin_activity`;

CREATE TABLE `admin_activity` (
  `adminactivity_id` int NOT NULL AUTO_INCREMENT,
  `adminactivity_begin` date DEFAULT NULL,
  `adminactivity_content` varchar(255) DEFAULT NULL,
  `adminactivity_end` date DEFAULT NULL,
  `adminactivity_name` varchar(255) DEFAULT NULL,
  `adminactivity_pic` mediumblob,
  `adminfile_name` varchar(255) DEFAULT NULL,
  PRIMARY KEY (`adminactivity_id`)
) ENGINE=InnoDB DEFAULT CHARSET=utf8mb4 COLLATE=utf8mb4_0900_ai_ci;

/*Data for the table `admin_activity` */

/*Table structure for table `admin_coupon` */

DROP TABLE IF EXISTS `admin_coupon`;

CREATE TABLE `admin_coupon` (
  `admincoupon_id` int NOT NULL AUTO_INCREMENT,
  `admincoupon_amount` int DEFAULT NULL,
  `admincoupon_begin` date DEFAULT NULL,
  `admincoupon_consumption` int DEFAULT NULL,
  `admincoupon_discount` int DEFAULT NULL,
  `admincoupon_end` date DEFAULT NULL,
  `admincoupon_info` varchar(255) DEFAULT NULL,
  `admincoupon_memo` varchar(255) DEFAULT NULL,
  `admincoupon_name` varchar(255) DEFAULT NULL,
  `admincoupon_pic` mediumblob,
  `admincoupon_rule` varchar(255) DEFAULT NULL,
  `adminfile_name` varchar(255) DEFAULT NULL,
  `FK_admincoupon_type_id` int DEFAULT NULL,
  PRIMARY KEY (`admincoupon_id`),
  KEY `FKmw8xqatut9smc9c2dvyp4ukdy` (`FK_admincoupon_type_id`),
  CONSTRAINT `FKmw8xqatut9smc9c2dvyp4ukdy` FOREIGN KEY (`FK_admincoupon_type_id`) REFERENCES `admincoupon_type` (`admincoupon_type_id`)
) ENGINE=InnoDB DEFAULT CHARSET=utf8mb4 COLLATE=utf8mb4_0900_ai_ci;

/*Data for the table `admin_coupon` */

/*Table structure for table `admincoupon_type` */

DROP TABLE IF EXISTS `admincoupon_type`;

CREATE TABLE `admincoupon_type` (
  `admincoupon_type_id` int NOT NULL AUTO_INCREMENT,
  `admincoupon_type_name` varchar(255) DEFAULT NULL,
  PRIMARY KEY (`admincoupon_type_id`)
) ENGINE=InnoDB DEFAULT CHARSET=utf8mb4 COLLATE=utf8mb4_0900_ai_ci;

/*Data for the table `admincoupon_type` */

/*Table structure for table `cart` */

DROP TABLE IF EXISTS `cart`;

CREATE TABLE `cart` (
  `cart_id` int NOT NULL AUTO_INCREMENT,
  `cart_amount` int DEFAULT NULL,
  `cart_total` double DEFAULT NULL,
  `FK_member_id` int DEFAULT NULL,
  `FK_product_id` int DEFAULT NULL,
  PRIMARY KEY (`cart_id`),
  KEY `FKg206pc5701k71nidcuv666edl` (`FK_member_id`),
  KEY `FKh6mgtak4vmy5wrifxph8bb4hh` (`FK_product_id`),
  CONSTRAINT `FKg206pc5701k71nidcuv666edl` FOREIGN KEY (`FK_member_id`) REFERENCES `member` (`memberId`),
  CONSTRAINT `FKh6mgtak4vmy5wrifxph8bb4hh` FOREIGN KEY (`FK_product_id`) REFERENCES `product` (`product_id`)
) ENGINE=InnoDB AUTO_INCREMENT=41 DEFAULT CHARSET=utf8mb4 COLLATE=utf8mb4_0900_ai_ci;

/*Data for the table `cart` */

insert  into `cart`(`cart_id`,`cart_amount`,`cart_total`,`FK_member_id`,`FK_product_id`) values 
(38,1,59,1,19),
(39,2,600,1,20),
(40,2,15000,1,27);

/*Table structure for table `coupon` */

DROP TABLE IF EXISTS `coupon`;

CREATE TABLE `coupon` (
  `coupon_id` int NOT NULL AUTO_INCREMENT,
  `coupon_amount` int DEFAULT NULL,
  `coupon_begin` date DEFAULT NULL,
  `coupon_end` date DEFAULT NULL,
  `coupon_info` varchar(255) DEFAULT NULL,
  `coupon_memo` varchar(255) DEFAULT NULL,
  `coupon_name` varchar(255) DEFAULT NULL,
  `coupon_pic` mediumblob,
  `coupon_rule` varchar(255) DEFAULT NULL,
  `file_name` varchar(255) DEFAULT NULL,
  `FK_shop_id` int DEFAULT NULL,
  `FK_shop_type_id` int DEFAULT NULL,
  PRIMARY KEY (`coupon_id`),
  KEY `FK9sw6p875pu0gy1vb3l3aojyc5` (`FK_shop_id`),
  KEY `FKa3qk3ucb5tedg3w6kkovxo0aw` (`FK_shop_type_id`),
  CONSTRAINT `FK9sw6p875pu0gy1vb3l3aojyc5` FOREIGN KEY (`FK_shop_id`) REFERENCES `shop` (`shop_id`),
  CONSTRAINT `FKa3qk3ucb5tedg3w6kkovxo0aw` FOREIGN KEY (`FK_shop_type_id`) REFERENCES `shop_type` (`shop_type_id`)
) ENGINE=InnoDB DEFAULT CHARSET=utf8mb4 COLLATE=utf8mb4_0900_ai_ci;

/*Data for the table `coupon` */

/*Table structure for table `coupon_couponlist` */

DROP TABLE IF EXISTS `coupon_couponlist`;

CREATE TABLE `coupon_couponlist` (
  `FK_couponlist_id` int NOT NULL,
  `FK_coupon_id` int NOT NULL,
  PRIMARY KEY (`FK_couponlist_id`,`FK_coupon_id`),
  KEY `FKqgvh47unp4a7w0sj8d99gr30t` (`FK_coupon_id`),
  CONSTRAINT `FK6tp37rr7h6hpvycxyv1pi2b05` FOREIGN KEY (`FK_couponlist_id`) REFERENCES `favorite_couponlist` (`coupon_list_id`),
  CONSTRAINT `FKqgvh47unp4a7w0sj8d99gr30t` FOREIGN KEY (`FK_coupon_id`) REFERENCES `coupon` (`coupon_id`)
) ENGINE=InnoDB DEFAULT CHARSET=utf8mb4 COLLATE=utf8mb4_0900_ai_ci;

/*Data for the table `coupon_couponlist` */

/*Table structure for table `coupon_list` */

DROP TABLE IF EXISTS `coupon_list`;

CREATE TABLE `coupon_list` (
  `coupon_list_id` int NOT NULL AUTO_INCREMENT,
  `coupon_memo` varchar(255) DEFAULT NULL,
  `FK_coupon_id` int DEFAULT NULL,
  `FK_shop_id` int DEFAULT NULL,
  PRIMARY KEY (`coupon_list_id`),
  KEY `FKjxq57sqh0163c8aus7k6sya3e` (`FK_coupon_id`),
  KEY `FKkrjk2fnvsd4aixwob4a1yppv9` (`FK_shop_id`),
  CONSTRAINT `FKjxq57sqh0163c8aus7k6sya3e` FOREIGN KEY (`FK_coupon_id`) REFERENCES `coupon` (`coupon_id`),
  CONSTRAINT `FKkrjk2fnvsd4aixwob4a1yppv9` FOREIGN KEY (`FK_shop_id`) REFERENCES `shop` (`shop_id`)
) ENGINE=InnoDB DEFAULT CHARSET=utf8mb4 COLLATE=utf8mb4_0900_ai_ci;

/*Data for the table `coupon_list` */

/*Table structure for table `coupon_used` */

DROP TABLE IF EXISTS `coupon_used`;

CREATE TABLE `coupon_used` (
  `coupon_used_id` int NOT NULL AUTO_INCREMENT,
  `coupon_used_memo` varchar(255) DEFAULT NULL,
  `coupon_used_or_not` bit(1) DEFAULT NULL,
  `coupon_used_time` datetime(6) DEFAULT NULL,
  `FK_coupon_id` int DEFAULT NULL,
  `FK_member_id` int DEFAULT NULL,
  `FK_shop_id` int DEFAULT NULL,
  PRIMARY KEY (`coupon_used_id`),
  KEY `FKmmv648yklf0fa50sfjjvlkskd` (`FK_coupon_id`),
  KEY `FKn2f7i70wcm6sufry5nu9jvcn4` (`FK_member_id`),
  KEY `FKcldks8ol9myx4warn8f5wh1d8` (`FK_shop_id`),
  CONSTRAINT `FKcldks8ol9myx4warn8f5wh1d8` FOREIGN KEY (`FK_shop_id`) REFERENCES `shop` (`shop_id`),
  CONSTRAINT `FKmmv648yklf0fa50sfjjvlkskd` FOREIGN KEY (`FK_coupon_id`) REFERENCES `coupon` (`coupon_id`),
  CONSTRAINT `FKn2f7i70wcm6sufry5nu9jvcn4` FOREIGN KEY (`FK_member_id`) REFERENCES `member` (`memberId`)
) ENGINE=InnoDB DEFAULT CHARSET=utf8mb4 COLLATE=utf8mb4_0900_ai_ci;

/*Data for the table `coupon_used` */

/*Table structure for table `favorite_couponlist` */

DROP TABLE IF EXISTS `favorite_couponlist`;

CREATE TABLE `favorite_couponlist` (
  `coupon_list_id` int NOT NULL AUTO_INCREMENT,
  `FK_member_id` int DEFAULT NULL,
  PRIMARY KEY (`coupon_list_id`),
  KEY `FKnywaf6p8225n8pifylm0jh0xj` (`FK_member_id`),
  CONSTRAINT `FKnywaf6p8225n8pifylm0jh0xj` FOREIGN KEY (`FK_member_id`) REFERENCES `member` (`memberId`)
) ENGINE=InnoDB DEFAULT CHARSET=utf8mb4 COLLATE=utf8mb4_0900_ai_ci;

/*Data for the table `favorite_couponlist` */

/*Table structure for table `favorite_shoplist` */

DROP TABLE IF EXISTS `favorite_shoplist`;

CREATE TABLE `favorite_shoplist` (
  `shop_list_id` int NOT NULL AUTO_INCREMENT,
  `subscribe_time` datetime(6) DEFAULT NULL,
  `FK_member_id` int DEFAULT NULL,
  PRIMARY KEY (`shop_list_id`),
  KEY `FKq9wvqkf7fv9rjut2n47sohves` (`FK_member_id`),
  CONSTRAINT `FKq9wvqkf7fv9rjut2n47sohves` FOREIGN KEY (`FK_member_id`) REFERENCES `member` (`memberId`)
) ENGINE=InnoDB DEFAULT CHARSET=utf8mb4 COLLATE=utf8mb4_0900_ai_ci;

/*Data for the table `favorite_shoplist` */

/*Table structure for table `member` */

DROP TABLE IF EXISTS `member`;

CREATE TABLE `member` (
  `memberId` int NOT NULL AUTO_INCREMENT,
  `address` varchar(255) DEFAULT NULL,
  `birthday` date DEFAULT NULL,
  `email` varchar(255) DEFAULT NULL,
  `fileName` varchar(255) DEFAULT NULL,
  `fullname` varchar(255) DEFAULT NULL,
  `image` mediumblob,
  `password` varchar(255) DEFAULT NULL,
  `phone` varchar(255) DEFAULT NULL,
  `registerTime` datetime(6) DEFAULT NULL,
  `sex` varchar(255) DEFAULT NULL,
  `username` varchar(255) DEFAULT NULL,
  `FK_shop_id` int DEFAULT NULL,
  PRIMARY KEY (`memberId`),
  KEY `FK4mce76fcm5c3dyutgr7vx4y3s` (`FK_shop_id`),
  CONSTRAINT `FK4mce76fcm5c3dyutgr7vx4y3s` FOREIGN KEY (`FK_shop_id`) REFERENCES `shop` (`shop_id`)
) ENGINE=InnoDB AUTO_INCREMENT=2 DEFAULT CHARSET=utf8mb4 COLLATE=utf8mb4_0900_ai_ci;

/*Data for the table `member` */

insert  into `member`(`memberId`,`address`,`birthday`,`email`,`fileName`,`fullname`,`image`,`password`,`phone`,`registerTime`,`sex`,`username`,`FK_shop_id`) values 
(1,NULL,'1997-03-14','yarong111035@gmail.com',NULL,'陳雅蓉',NULL,'$2a$10$D5.08WUbVdzS2AZjKYOrNuF336r0n5Jnx/tB.MMU9joBgs8Ny1IEC','0977777777','2021-03-21 08:09:36.906000',NULL,'mickey',NULL);

/*Table structure for table `member_role` */

DROP TABLE IF EXISTS `member_role`;

CREATE TABLE `member_role` (
  `fk_member_id` int NOT NULL,
  `fk_roles_id` int NOT NULL,
  PRIMARY KEY (`fk_member_id`,`fk_roles_id`),
  KEY `FKlr8cty1xvth5esyylie94eep3` (`fk_roles_id`),
  CONSTRAINT `FK9vud7plly7pxwaox829ap7o6j` FOREIGN KEY (`fk_member_id`) REFERENCES `member` (`memberId`),
  CONSTRAINT `FKlr8cty1xvth5esyylie94eep3` FOREIGN KEY (`fk_roles_id`) REFERENCES `role` (`id`)
) ENGINE=InnoDB DEFAULT CHARSET=utf8mb4 COLLATE=utf8mb4_0900_ai_ci;

/*Data for the table `member_role` */

insert  into `member_role`(`fk_member_id`,`fk_roles_id`) values 
(1,1);

/*Table structure for table `nightmarket` */

DROP TABLE IF EXISTS `nightmarket`;

CREATE TABLE `nightmarket` (
  `market_id` int NOT NULL AUTO_INCREMENT,
  `market_comment` varchar(255) DEFAULT NULL,
  `market_memo` varchar(255) DEFAULT NULL,
  `market_name` varchar(255) DEFAULT NULL,
  `market_score` double DEFAULT NULL,
  PRIMARY KEY (`market_id`)
) ENGINE=InnoDB AUTO_INCREMENT=9 DEFAULT CHARSET=utf8mb4 COLLATE=utf8mb4_0900_ai_ci;

/*Data for the table `nightmarket` */

insert  into `nightmarket`(`market_id`,`market_comment`,`market_memo`,`market_name`,`market_score`) values 
(1,NULL,NULL,'饒河夜市',4.2),
(2,NULL,NULL,'華西街觀光夜市',4),
(3,NULL,NULL,'寧夏夜市',3.9),
(4,NULL,NULL,'士林夜市',2.5),
(5,NULL,NULL,'臨江街觀光夜市',4),
(6,NULL,NULL,'延三夜市',4.6),
(7,NULL,NULL,'廣州街夜市',4.3),
(8,NULL,NULL,'南機場夜市',4.1);

/*Table structure for table `order_item` */

DROP TABLE IF EXISTS `order_item`;

CREATE TABLE `order_item` (
  `order_item_id` int NOT NULL AUTO_INCREMENT,
  `amount` int DEFAULT NULL,
  `discount` double DEFAULT NULL,
  `order_memo` varchar(255) DEFAULT NULL,
  `unitPrice` double DEFAULT NULL,
  `FK_order_id` int DEFAULT NULL,
  `FK_product_id` int DEFAULT NULL,
  PRIMARY KEY (`order_item_id`),
  KEY `FKefmdrrdch72f081b69vrumj7k` (`FK_order_id`),
  KEY `FKdn5wfkvhmvp1rja2x2t3eaym1` (`FK_product_id`),
  CONSTRAINT `FKdn5wfkvhmvp1rja2x2t3eaym1` FOREIGN KEY (`FK_product_id`) REFERENCES `product` (`product_id`),
  CONSTRAINT `FKefmdrrdch72f081b69vrumj7k` FOREIGN KEY (`FK_order_id`) REFERENCES `orders` (`order_id`)
) ENGINE=InnoDB AUTO_INCREMENT=3 DEFAULT CHARSET=utf8mb4 COLLATE=utf8mb4_0900_ai_ci;

/*Data for the table `order_item` */

insert  into `order_item`(`order_item_id`,`amount`,`discount`,`order_memo`,`unitPrice`,`FK_order_id`,`FK_product_id`) values 
(1,1,0.8,NULL,2800,1,21),
(2,1,0.8,NULL,300,1,20);

/*Table structure for table `order_status` */

DROP TABLE IF EXISTS `order_status`;

CREATE TABLE `order_status` (
  `status_id` int NOT NULL AUTO_INCREMENT,
  `status_name` varchar(255) DEFAULT NULL,
  PRIMARY KEY (`status_id`)
) ENGINE=InnoDB AUTO_INCREMENT=7 DEFAULT CHARSET=utf8mb4 COLLATE=utf8mb4_0900_ai_ci;

/*Data for the table `order_status` */

insert  into `order_status`(`status_id`,`status_name`) values 
(1,'未付款'),
(2,'未出貨'),
(3,'送貨中'),
(4,'已送達'),
(5,'已取消'),
(6,'退貨中');

/*Table structure for table `orders` */

DROP TABLE IF EXISTS `orders`;

CREATE TABLE `orders` (
  `order_id` int NOT NULL AUTO_INCREMENT,
  `company_id` varchar(255) DEFAULT NULL,
  `company_title` varchar(255) DEFAULT NULL,
  `invoice_num` varchar(255) DEFAULT NULL,
  `orderNumber` varchar(255) DEFAULT NULL,
  `order_address` varchar(255) DEFAULT NULL,
  `order_datetime` datetime(6) DEFAULT NULL,
  `order_memo` varchar(255) DEFAULT NULL,
  `order_total` double DEFAULT NULL,
  `shipping_date` date DEFAULT NULL,
  `FK_member_id` int DEFAULT NULL,
  `FK_orderstatus_id` int DEFAULT NULL,
  `FK_paytype_id` int DEFAULT NULL,
  `FK_shiptype_id` int DEFAULT NULL,
  PRIMARY KEY (`order_id`),
  UNIQUE KEY `UK_co70u7tjfb1vnhh2l85yxqdfb` (`orderNumber`),
  KEY `FK6r5sbky9djgfljnjyrs37yacl` (`FK_member_id`),
  KEY `FK4h965kpq3c8mdnhro7mvqvngx` (`FK_orderstatus_id`),
  KEY `FKrhpn85sww7ps7eqtbdc7xura6` (`FK_paytype_id`),
  KEY `FKq36by0qtjyc5vp3vrkxnei17h` (`FK_shiptype_id`),
  CONSTRAINT `FK4h965kpq3c8mdnhro7mvqvngx` FOREIGN KEY (`FK_orderstatus_id`) REFERENCES `order_status` (`status_id`),
  CONSTRAINT `FK6r5sbky9djgfljnjyrs37yacl` FOREIGN KEY (`FK_member_id`) REFERENCES `member` (`memberId`),
  CONSTRAINT `FKq36by0qtjyc5vp3vrkxnei17h` FOREIGN KEY (`FK_shiptype_id`) REFERENCES `ship_type` (`ship_type_id`),
  CONSTRAINT `FKrhpn85sww7ps7eqtbdc7xura6` FOREIGN KEY (`FK_paytype_id`) REFERENCES `pay_type` (`pay_type_id`)
) ENGINE=InnoDB AUTO_INCREMENT=2 DEFAULT CHARSET=utf8mb4 COLLATE=utf8mb4_0900_ai_ci;

/*Data for the table `orders` */

insert  into `orders`(`order_id`,`company_id`,`company_title`,`invoice_num`,`orderNumber`,`order_address`,`order_datetime`,`order_memo`,`order_total`,`shipping_date`,`FK_member_id`,`FK_orderstatus_id`,`FK_paytype_id`,`FK_shiptype_id`) values 
(1,'',NULL,NULL,'YA00001CHI','桃園市中壢區工業區二路333號33樓之3','2021-03-21 21:12:35.964000',NULL,3100,'2021-03-24',1,1,3,1);

/*Table structure for table `pay_type` */

DROP TABLE IF EXISTS `pay_type`;

CREATE TABLE `pay_type` (
  `pay_type_id` int NOT NULL AUTO_INCREMENT,
  `pay_type_name` varchar(255) DEFAULT NULL,
  PRIMARY KEY (`pay_type_id`)
) ENGINE=InnoDB AUTO_INCREMENT=4 DEFAULT CHARSET=utf8mb4 COLLATE=utf8mb4_0900_ai_ci;

/*Data for the table `pay_type` */

insert  into `pay_type`(`pay_type_id`,`pay_type_name`) values 
(1,'信用卡'),
(2,'銀行匯款'),
(3,'貨到付款');

/*Table structure for table `product` */

DROP TABLE IF EXISTS `product`;

CREATE TABLE `product` (
  `product_id` int NOT NULL AUTO_INCREMENT,
  `filename` varchar(255) DEFAULT NULL,
  `filenameA` varchar(255) DEFAULT NULL,
  `product_expire` date DEFAULT NULL,
  `product_info` text,
  `product_memo` varchar(255) DEFAULT NULL,
  `product_name` varchar(255) DEFAULT NULL,
  `product_pic` longblob,
  `product_picA` longblob,
  `product_price` double DEFAULT NULL,
  `product_spec` varchar(255) DEFAULT NULL,
  `product_status` int NOT NULL DEFAULT '0',
  `product_stock` int DEFAULT NULL,
  `FK_product_type_id` int DEFAULT NULL,
  PRIMARY KEY (`product_id`),
  KEY `FKc9sqrle3uny7sdork7a91qbph` (`FK_product_type_id`),
  CONSTRAINT `FKc9sqrle3uny7sdork7a91qbph` FOREIGN KEY (`FK_product_type_id`) REFERENCES `product_type` (`product_type_id`)
) ENGINE=InnoDB AUTO_INCREMENT=38 DEFAULT CHARSET=utf8mb4 COLLATE=utf8mb4_0900_ai_ci;

/*Data for the table `product` */

insert  into `product`(`product_id`,`filename`,`filenameA`,`product_expire`,`product_info`,`product_memo`,`product_name`,`product_pic`,`product_picA`,`product_price`,`product_spec`,`product_status`,`product_stock`,`FK_product_type_id`) values 
(1,'','',NULL,'產品特點:\r\n1.使用食品級進口400克加厚牛卡紙，安全衛生!!\r\n2.可透視的PET窗口，透明度高，可以更好的展現美食!!\r\n3.三邊卡扣設計，產品打開關閉都方便，密封性能良好!\r\n4.內部防水防油設計，有效防止滲漏!\r\n5.可用於炸薯條、炸雞、水果、沙拉、炒飯、早午餐等等\r\n',NULL,'美式薯條外帶盒',NULL,NULL,300,'50入/組',0,1,6),
(2,'','',NULL,'尺寸如圖所示\r\n\r\n材質:陶瓷\r\n\r\n此商品可用於:烤箱、微波爐、洗碗機、烘碗機\r\n',NULL,'陶瓷握柄鍋碗',NULL,NULL,99,'',0,8,4),
(3,'','',NULL,NULL,NULL,'三格裝小麥餐盒',NULL,NULL,79,'粉色',0,5,2),
(4,'','',NULL,'外尺寸:21X13X7cm\r\n容量：1000ml。※飯菜分離設計，不僅美觀，更加實用\r\n※內附筷勺餐具，超級貼心\r\n※带提手 。尺寸、容量、重量皆以手工測量，請以實物為準\"',NULL,'秸稈餐盒套組',NULL,NULL,79,'蘋果綠',0,3,2),
(5,'','',NULL,'\"尺寸：4.7公分\r\n共8入\r\n材質：ABS樹脂\r\n耐冷.熱：-20～70度\"',NULL,'日本原裝水果叉',NULL,NULL,89,'萬聖款',0,20,2),
(6,'','',NULL,'\"產品優勢:\r\n1.?四種尺寸，由大到小，放餐點不互相沾染!\r\n2.?耐高溫，可微波爐加熱，通過美國FDA認證!\r\n3.?安全矽膠，折疊後體積超小，攜帶超方便!\r\n4.?矽膠可塑性高，非如陶瓷或是玻璃，容易撞擊破碎!\"',NULL,'安全矽膠折疊盒',NULL,NULL,199,'湖水綠款',0,3,2),
(7,'','',NULL,'\"m\'sa造型 食物叉\r\n能讓食物增添童趣??\r\n產品尺寸:花椰菜-44×13×13mm 鑫鑫腸-44×15×13mm 蛋-44×12×7mm 蝦-45×21×9mm\r\n材質：樹脂\r\n耐熱：70度-20度\"',NULL,'日本原裝便當小物',NULL,NULL,70,'便當款',0,24,2),
(8,'','',NULL,'\"【商品規格】\r\n湯匙尺寸：長18.7cm 寬3.8cm 重量33g\r\n筷子尺寸：長18.6cm 重量16g\r\n外盒尺寸：長23cm 寬5.2cm高3.5cm 重量56g\r\n商品顏色：深藍、軍綠、粉橘、酒紅\r\n商品材質：304不鏽鋼、矽膠、ABS\"',NULL,'304超值感餐具組',NULL,NULL,99,'霧色款',0,1,2),
(9,'','',NULL,'\"品名：珍珠奶茶帆布包\r\n材質：絲絨布\r\n尺寸：(小)35cm×30cm；(大)40cm×35cm\r\n重量：(小)117g；(大)151g\r\n\r\n特色：\r\n1.暗扣內袋\r\n便於收納，可放私密物品等小物件\r\n\r\n2.加大容量\r\n更多的儲物空間，滿足上課、出行需求\r\n\r\n3.加厚肩帶\r\n柔韌耐用\r\n安心置物不勒肩\r\n\r\n4.雙重車線\r\n精密縫線，耐用耐磨，不易破損\r\n\r\n5.絲絨表層\r\n與眾不同的手感體驗\r\n\"',NULL,'珍珠奶茶帆布袋',NULL,NULL,149,'珍珠奶茶款',0,7,3),
(10,'','',NULL,'\"⭐️尺寸: \r\n小盤20cm\r\n大盤27cm\r\n\r\n⭐️使用說明:\r\n?可重複使用\r\n?可放90℃以下熱食\r\n❌不可微波\r\n❌不可放入烤箱\r\n❌不可放入洗碗機\r\n❌不可放入消毒櫃\"',NULL,'高質感免洗盤',NULL,NULL,250,'50入',0,9,6),
(11,'','',NULL,'\"。彈性矽膠綁帶，兼容市售 350ml 到 750ml 飲料杯\r\n。吸管環設計，粗/細吸管都可牢牢套住\r\n。簡約輕巧隨身帶，使用好方便\r\n。矽膠材質輕鬆可水洗，髒污不殘留\r\n\r\n\r\n商品規格\r\n基本資訊\r\n本體重量        逗扣角色款：25 g / 簡約黑白款：17 g\r\n本體尺寸        逗扣角色款：W120 x H180 x D15 mm / 簡約黑白款：W120 x H180 x D10 mm\r\n材質        矽膠\r\n包裝內容物        Cup Tie 環保杯綁\r\n。可愛萌角色/個性簡約風，隨心變換風格\r\n\r\n本商品適用杯口直徑 7 - 10cm、寬口杯型&需有杯緣(太細/太窄的杯緣不建議使用，例如COCO)，可兼容市面上 350ml 到 750ml 飲料杯。* 冰霸杯&巧力杯因為沒有杯緣，不建議使用哦 * *若使用我們不建議的杯款，會造成杯子脫落，還請注意*\"',NULL,'造型飲料提環',NULL,NULL,119,'卡通款',0,5,1),
(12,'','',NULL,'\"商品皆為手工製作 品質有保障\r\n杯套砸重本 縫製雙層雙面都可使用 提帶長度可掛機車勾勾\r\n一般手搖飲料、咖啡皆可使用\r\n材質：兩面用 厚實可水洗帆布 髒了方便清洗  \r\n外面美到不行 裡面也美到不行\r\n\r\n今年開始買飲料不提供杯袋\r\n人人都應該擁有環保飲料提袋 一起省錢愛地球\r\n\r\n方形提袋款還可以當作手提小包包 放手機鑰匙小物\"',NULL,'大理石環保杯袋',NULL,NULL,49,'大理石款',0,6,1),
(13,'','',NULL,'\"二手??極新??日式木作攤車/古早味日式飯糰?餐車/木質早餐攤車\r\n！白鐵訂製款！\r\nNT.38000\r\n\r\n尺寸：\r\n150*85*210公分\"',NULL,'飯糰攤車',NULL,NULL,10000,'飯糰餐車',0,0,8),
(14,'','',NULL,'\"五臟俱全可拆質感攤車」\r\n\r\n⭐️攤車表面微防潑水，有髒污也好清潔\r\n⭐️桌面內部有貼心「鐵板」做隔熱，耐高溫耐髒好清理！\r\n⭐️兩長桿可以懸掛帆布Logo,讓攤車更吸睛\r\n⭐️有「抽屜可上鎖」，鈔票找零手機可放抽屜！\r\n⭐️攤車內部有足夠收納空間\r\n⭐️附「長型質感玻璃櫃」可以展示商品\r\n⭐️附上大傘可供遮陽避雨\r\n⭐️輪子皆有安全煞車裝置\r\n⭐️可以再自行貼皮改顏色\r\n\r\n?重點?\r\n可拆成扁平的，一般轎車可載！\r\n一台轎車就可以出去做生意了～\r\n日常也好收納！！\r\n\"',NULL,'雞蛋糕餐車',NULL,NULL,15000,'蛋糕攤車',0,1,8),
(15,'','',NULL,NULL,NULL,'植纖外帶餐盒',NULL,NULL,800,'250入/組',2,14,6),
(16,'','',NULL,'\"尺寸：長15cm 高27.5cm 寬9cm\r\n\r\n自製款哦，字母用紅色比較簡單顯眼，看起來也獨特\r\n\r\n拍照灰常好看的喔\r\n\r\n可以當做禮品包裝袋，糖果袋 烘焙餅乾袋\"',NULL,'防油笑臉紙袋',NULL,NULL,200,'100入/組',0,33,7),
(17,'','',NULL,'\"?尺寸：11*16CM（實際可裝大小)\r\n?材質：紙\r\n?紙質微透，\r\n內層防水防油塗層，可當做餅乾分裝袋！\r\n適合分裝小物送禮自用都ok，\r\n小熊圖案粉嫩可愛，共有四種款式可以挑選～\r\n此款紙袋尺寸偏小，建議小仙女購買前先測量大小唷！\r\n\r\n\"',NULL,'小熊紙袋',NULL,NULL,250,'100入/組',0,29,7),
(18,'','',NULL,'\"尺吋：8英吋 20.5公分（帶柄長度）15.5公分（面徑））5.5公分（高度）\r\n           容量500ML\r\n尺寸正負誤差一公分內（因每個使用的尺不同）           \r\n材質：陶瓷 \r\n適用：洗碗機、微波爐、消毒櫃 \r\n風格：歐式純色 \r\n工藝：印彩釉下彩 \r\n產品根據餐具生產標準嚴格把關，釉下彩色印花對身體無任何副作用，請放心使用。\r\n\r\n陶瓷餐盤難免有缺釉、小氣泡、流釉、氣泡孔或黑點、色暈等小瑕，\r\n出貨檢查不影響使用才會寄出。\r\n請能接受再下標，拿貨前都會幫大家檢查，高標買家請繞道去實體店面購買。\r\n陶瓷商品因易碎的特殊性 開箱請錄音保障彼此 不接受回家發現尺寸太小或者太大 商品尺寸均有標識 這些都不予退貨 \r\n感謝您！\"',NULL,'陶瓷握柄鍋碗',NULL,NULL,129,'墨綠款',0,10,4),
(19,'','',NULL,'?商品詳情\r\n➢適合直徑 11cm左右的奶茶杯\r\n➢杯套寬 7cm 手繩長約 19cm\r\n➢顏色: 白色一家人杯套,粉色查理杯套\r\n➢材質: 布\r\n➢風格：卡通\r\n\"',NULL,'史奴比環保杯套',NULL,NULL,59,'史奴比款',0,1,1),
(20,'','',NULL,'性價比非常高的一款磁性黑板，真正的物美價廉，建議搭配熒光筆一起購買。\r\n\r\n需要貨到付的請聯系客服！\r\n\r\n因大件商品。只能走宅配，運輸途中如有破損，可換可退，水水們放心選購！\r\n\r\n復古做舊立式實木小黑板花架，板面為鉄皮面，適用于粉筆,熒光筆，有磁性，可吸附磁釘，固定海報等！！\r\n材質：天然桐木\r\n邊框有7種顏色：藍色 粉色  棕色 黃色 乳白色  玫紅色\r\n\r\n全尺寸42*42*115CM，書寫區38*58CM，黑板是一款非常適合做店鋪廣告的小黑板\r\n產品測量為手工測量：可能會存在1CM左右的誤差唷\r\n注意 : 本產品雖然會隨貨附贈粉筆，\r\n但是運送途中有可能讓粉筆折斷。\r\n在此特別強調，我們販售的價格就是黑板的價格，\r\n其它附帶的贈品都是額外送的，\r\n無法因贈品有任何狀況要求退換貨！\r\n許多賣家乾脆把贈品全部拿出來丟棄，\r\n以免除不必要的困擾。本店本著服務顧客的心態，\r\n仍將贈品保留送給客人，\r\n但也請各位有所認知，\r\n不得因贈品有任何狀況要求退換貨。\r\nPS.粉筆太容易斷了。',NULL,'磁性立式黑板',NULL,NULL,300,'粉色款',0,2,5),
(21,'','',NULL,'9尺戶外休閒遮陽傘2.7米',NULL,'大型擺攤傘',NULL,NULL,2800,'綠款2.7米',0,0,5),
(22,'','',NULL,'\"⧗ 尺寸：\r\n   (1) 湯匙：長約23公分、寬約4.1-4.3公分。\r\n   (2) 筷子：長約23.5公分。\r\n⧗ 特色：\r\n1. 採用原木製成的湯匙、筷子，經製切割打磨，無毛刺也不扎手。\r\n2. 外觀設計符合人體工學，握感極佳。\r\n3. 外觀極簡時尚，造型線條優雅，淡淡的就能讓人感到食光的美好。\r\n4. 不管是在自家餐桌上、店面、甜點、早午餐店、餐廳，都是賞心悅目的美好存在。\r\n5. 日韓網紅、擺拍常用的餐具款式，天然優良的品質材料，兼具美觀與實用。\"',NULL,'簡約木質餐具組',NULL,NULL,50,'木紋組',0,30,2),
(23,'','',NULL,'小麥秸桿餐具組\r\n內容物：筷子、湯匙、叉子、收納盒\r\n材質：秸桿+PP材質\r\n\r\n便於攜帶的餐具組，\r\n現在環保意識抬頭，\r\n加上衛生習慣，\r\n很多人都開始自帶餐具出門了，\r\n這組算是便宜的入門款，\r\n可以很好的養成習慣，\r\n即使忘了弄丟了也不會太心疼。\"',NULL,'輕巧小麥餐具組',NULL,NULL,39,'粉色款',0,10,2),
(24,'','',NULL,'\"手提長:15cm\r\n可裝500cc與700cc的飲料，\r\n側邊有附吸管扣(鬆緊式)，環保又方便！\r\n<手工測量，會有微微誤差，能接受再下單喔>\"',NULL,'玩轉飲料提袋',NULL,NULL,49,'卡通款',0,5,1),
(25,'','',NULL,'❣️商品說明\r\n  〔提袋材質〕白織布 無防水\r\n  〔吸管收納〕側邊有吸管收納 \r\n  〔提袋尺寸〕9.5x12cm \r\n  〔手提長〕15cm\r\n  〔適合杯子〕\r\n8.5cm~9.5cm杯圓\r\n500c.c~700c.c\r\n※本商品不適用胖胖杯與冰壩杯\"',NULL,'日韓可愛飲料提袋',NULL,NULL,59,'小熊款',0,10,1),
(26,'','',NULL,'\"素素的環保杯綁設計。讓自己感受到地球在呼吸的創意設計\r\n一起愛心做環保，簡約個性單色，\r\n彈性矽膠綁帶，通用性佳?\r\n可以輕鬆水洗，速乾不怕髒?\r\n適用杯口直徑7 - 10cm，\r\n兼容市售350 - 750ml的飲料杯?\r\n冷熱飲都能一手搞定☕\r\n吸管不怕沒地方放，\r\n吸管環設計超方便，粗細吸管都能收?\r\n可收折而且超輕，不用的時候也可以收在隨身包裡~\r\n環保又有型❤使用心情也美好?\r\n\r\n?商品特色\r\n?矽膠材質?好清洗不怕髒，彈性好、更通用\r\n?方便攜帶?可收折，輕鬆收納進包包裡\r\n?吸管環設計?粗細吸管都能放，不怕無處放\r\n?兼容好用?市售350~750ml飲料杯，冷熱飲都能使用\r\n\r\n?商品規格\r\n品牌：Bone\r\n尺寸：約 12 x 18 x 1.5 cm\r\n淨重：約 25 g\r\n材質：矽膠',NULL,'超彈力環保杯套',NULL,NULL,99,'黑色款',0,3,1),
(27,'','',NULL,'訂製品(不含燈籠)\r\n尺寸:長157x寬64x高225cm',NULL,'復古木製攤車',NULL,NULL,7500,'杉木款',0,1,8),
(28,'','',NULL,'兩用包有手提把手、另有長背帶可肩背、側背?旁邊口袋上有熊熊的刺繡，可愛度滿滿?\r\n\r\n顏色：黑色、米色、棕色\r\n材質：偏厚的帆布，很有質感\r\n尺寸：22x21.5cm',NULL,'韓國兩用帆布袋',NULL,NULL,200,'白色款',0,1,3),
(29,'','',NULL,'\"商品特色:\r\n1. 採用牛津布耐磨耐用不易損壞。\r\n2. 超大容量，外出攜帶超便利。\r\n3. 保溫、保冷、保冰都很適合。\r\n4. 有拉鍊，密封效果更好。\r\n5. 有提手，無論當便當袋或購物袋都很適合。\r\n\r\n品名: 北歐風超大防水便當袋\r\n\r\n材質: 牛津布+珍珠棉+PVC\r\n\r\n尺寸: 長款(高度33+手把12*寬度24*側面15CM)\r\n短款(高度22+手把12*寬度24*側面15CM)\"',NULL,'簡約風防水保溫袋',NULL,NULL,199,'黑色款',0,10,3),
(30,'','',NULL,'\"牛皮系列各式尺寸紙湯杯/杯蓋\r\n⚠️紙湯杯跟蓋子分開販售\"\",選項中分別有對應的價格喔⚠️\r\n\r\n?此賣場單位為\'箱\'，選項中的價錢為一箱?\r\n整箱分別數量可以參考以下說明\r\n\r\n?750cc 紙湯杯\r\n     口徑：127mm \r\n     高度：76mm\r\n     數量：600入/箱(50個*12條)\r\n\r\n?850cc 紙湯杯\r\n     口徑：142mm \r\n     高度：84mm \r\n     數量：600入/箱(50個*12條)\r\n\r\n?1000cc 紙湯杯\r\n     口徑：142mm \r\n     高度：106mm \r\n     數量：600入/箱(50個*12條)\r\n\r\n?配件-850紙湯杯內襯(通用780/850/1000紙湯碗)\r\n     款式: 整層 / 三格\r\n     口徑:13.7cmx高度約4.5cm\r\n     數量：1200入/箱(50個*24條)\r\n\"',NULL,'牛皮紙湯碗',NULL,NULL,480,'50入/組',0,3,6),
(31,'','',NULL,'材質：牛皮紙\r\n形狀：圓形\r\n\r\n',NULL,'牛皮紙杯',NULL,NULL,300,'50入/組',0,3,6),
(32,'','',NULL,'?一面具吸油的功能~雙重功用經濟實惠?',NULL,'三角房油紙袋',NULL,NULL,200,'40入/組',0,2,7),
(33,'','',NULL,'7吋喇叭碗，湯麵碗\r\n面徑18公分，高8公分\r\n',NULL,'撞色剉冰碗',NULL,NULL,79,'湖水綠款',0,1,4),
(34,'','',NULL,'尺寸如圖所示\r\n材質:陶瓷\r\n此商品可用於:烤箱、微波爐、洗碗機、烘碗機',NULL,'日本陶瓷拉麵碗',NULL,NULL,69,'藍色款',0,2,4),
(35,'','',NULL,'※ 產品說明\r\n材質：表面不鏽鋼、內部聚氨酯泡沫\r\n顏色：金屬銀色\r\n容量：51L\r\n外徑尺寸：長61cmX寬39cmX高42cm\r\n內徑尺寸：長53cmX寬33cmX高33cm\r\n\r\n※ 產品特色\r\n1.良好隔熱材料，保溫效果極佳，可有效保溫4天。\r\n2.大容量可容納85罐可口可樂鋁罐的空間。\r\n3.金屬質感、盡顯尊貴。\r\n4.超強耐用的不鏽鋼材質，清潔更容易堅固。\r\n5.增強底部空氣流通，進一步提升保溫效果。\r\n6.箱側不鏽鋼條寬大活動把手，抓握處特別增加柔軟材質。\r\n7鎖扣皆爲耐用的不鏽鋼材質。\r\n8.配有排水塞、箱蓋溝槽設計。',NULL,'不鏽鋼保溫箱',NULL,NULL,4999,'經典款',0,1,5),
(36,'','',NULL,'產地：美國',NULL,'美國原裝進口保冷箱',NULL,NULL,2700,'紅色款',0,1,5);


/*Table structure for table `product_type` */

DROP TABLE IF EXISTS `product_type`;

CREATE TABLE `product_type` (
  `product_type_id` int NOT NULL AUTO_INCREMENT,
  `product_type_name` varchar(255) DEFAULT NULL,
  PRIMARY KEY (`product_type_id`)
) ENGINE=InnoDB AUTO_INCREMENT=9 DEFAULT CHARSET=utf8mb4 COLLATE=utf8mb4_0900_ai_ci;

/*Data for the table `product_type` */

insert  into `product_type`(`product_type_id`,`product_type_name`) values 
(1,'環保杯套'),
(2,'環保餐具'),
(3,'環保購物袋'),
(4,'陶瓷碗盤'),
(5,'攤販用具'),
(6,'免洗餐具'),
(7,'紙袋'),
(8,'餐車');

/*Table structure for table `random_number` */

DROP TABLE IF EXISTS `random_number`;

CREATE TABLE `random_number` (
  `random_id` int NOT NULL AUTO_INCREMENT,
  `random_code` varchar(255) DEFAULT NULL,
  PRIMARY KEY (`random_id`),
  UNIQUE KEY `UK_cemqpowwpimd8va0tvwv1qgm6` (`random_code`)
) ENGINE=InnoDB AUTO_INCREMENT=4547 DEFAULT CHARSET=utf8mb4 COLLATE=utf8mb4_0900_ai_ci;

/*Data for the table `random_number` */

insert  into `random_number`(`random_id`,`random_code`) values 
(1,'YA00001CHI'),
(2,'YA00012CHI'),
(3,'YA00023CHI'),
(4,'YA00034CHI'),
(5,'YA00045CHI'),
(6,'YA00056CHI'),
(7,'YA00067CHI'),
(8,'YA00078CHI'),
(9,'YA00089CHI'),
(10,'YA00100CHI'),
(11,'YA00111CHI'),
(12,'YA00122CHI'),
(13,'YA00133CHI'),
(14,'YA00144CHI'),
(15,'YA00155CHI'),
(16,'YA00166CHI'),
(17,'YA00177CHI'),
(18,'YA00188CHI'),
(19,'YA00199CHI'),
(20,'YA00210CHI'),
(21,'YA00221CHI'),
(22,'YA00232CHI'),
(23,'YA00243CHI'),
(24,'YA00254CHI'),
(25,'YA00265CHI'),
(26,'YA00276CHI'),
(27,'YA00287CHI'),
(28,'YA00298CHI'),
(29,'YA00309CHI'),
(30,'YA00320CHI'),
(31,'YA00331CHI'),
(32,'YA00342CHI'),
(33,'YA00353CHI'),
(34,'YA00364CHI'),
(35,'YA00375CHI'),
(36,'YA00386CHI'),
(37,'YA00397CHI'),
(38,'YA00408CHI'),
(39,'YA00419CHI'),
(40,'YA00430CHI'),
(41,'YA00441CHI'),
(42,'YA00452CHI'),
(43,'YA00463CHI'),
(44,'YA00474CHI'),
(45,'YA00485CHI'),
(46,'YA00496CHI'),
(47,'YA00507CHI'),
(48,'YA00518CHI'),
(49,'YA00529CHI'),
(50,'YA00540CHI'),
(51,'YA00551CHI'),
(52,'YA00562CHI'),
(53,'YA00573CHI'),
(54,'YA00584CHI'),
(55,'YA00595CHI'),
(56,'YA00606CHI'),
(57,'YA00617CHI'),
(58,'YA00628CHI'),
(59,'YA00639CHI'),
(60,'YA00650CHI'),
(61,'YA00661CHI'),
(62,'YA00672CHI'),
(63,'YA00683CHI'),
(64,'YA00694CHI'),
(65,'YA00705CHI'),
(66,'YA00716CHI'),
(67,'YA00727CHI'),
(68,'YA00738CHI'),
(69,'YA00749CHI'),
(70,'YA00760CHI'),
(71,'YA00771CHI'),
(72,'YA00782CHI'),
(73,'YA00793CHI'),
(74,'YA00804CHI'),
(75,'YA00815CHI'),
(76,'YA00826CHI'),
(77,'YA00837CHI'),
(78,'YA00848CHI'),
(79,'YA00859CHI'),
(80,'YA00870CHI'),
(81,'YA00881CHI'),
(82,'YA00892CHI'),
(83,'YA00903CHI'),
(84,'YA00914CHI'),
(85,'YA00925CHI'),
(86,'YA00936CHI'),
(87,'YA00947CHI'),
(88,'YA00958CHI'),
(89,'YA00969CHI'),
(90,'YA00980CHI'),
(91,'YA00991CHI'),
(92,'YA01002CHI'),
(93,'YA01013CHI'),
(94,'YA01024CHI'),
(95,'YA01035CHI'),
(96,'YA01046CHI'),
(97,'YA01057CHI'),
(98,'YA01068CHI'),
(99,'YA01079CHI'),
(100,'YA01090CHI'),
(101,'YA01101CHI'),
(102,'YA01112CHI'),
(103,'YA01123CHI'),
(104,'YA01134CHI'),
(105,'YA01145CHI'),
(106,'YA01156CHI'),
(107,'YA01167CHI'),
(108,'YA01178CHI'),
(109,'YA01189CHI'),
(110,'YA01200CHI'),
(111,'YA01211CHI'),
(112,'YA01222CHI'),
(113,'YA01233CHI'),
(114,'YA01244CHI'),
(115,'YA01255CHI'),
(116,'YA01266CHI'),
(117,'YA01277CHI'),
(118,'YA01288CHI'),
(119,'YA01299CHI'),
(120,'YA01310CHI'),
(121,'YA01321CHI'),
(122,'YA01332CHI'),
(123,'YA01343CHI'),
(124,'YA01354CHI'),
(125,'YA01365CHI'),
(126,'YA01376CHI'),
(127,'YA01387CHI'),
(128,'YA01398CHI'),
(129,'YA01409CHI'),
(130,'YA01420CHI'),
(131,'YA01431CHI'),
(132,'YA01442CHI'),
(133,'YA01453CHI'),
(134,'YA01464CHI'),
(135,'YA01475CHI'),
(136,'YA01486CHI'),
(137,'YA01497CHI'),
(138,'YA01508CHI'),
(139,'YA01519CHI'),
(140,'YA01530CHI'),
(141,'YA01541CHI'),
(142,'YA01552CHI'),
(143,'YA01563CHI'),
(144,'YA01574CHI'),
(145,'YA01585CHI'),
(146,'YA01596CHI'),
(147,'YA01607CHI'),
(148,'YA01618CHI'),
(149,'YA01629CHI'),
(150,'YA01640CHI'),
(151,'YA01651CHI'),
(152,'YA01662CHI'),
(153,'YA01673CHI'),
(154,'YA01684CHI'),
(155,'YA01695CHI'),
(156,'YA01706CHI'),
(157,'YA01717CHI'),
(158,'YA01728CHI'),
(159,'YA01739CHI'),
(160,'YA01750CHI'),
(161,'YA01761CHI'),
(162,'YA01772CHI'),
(163,'YA01783CHI'),
(164,'YA01794CHI'),
(165,'YA01805CHI'),
(166,'YA01816CHI'),
(167,'YA01827CHI'),
(168,'YA01838CHI'),
(169,'YA01849CHI'),
(170,'YA01860CHI'),
(171,'YA01871CHI'),
(172,'YA01882CHI'),
(173,'YA01893CHI'),
(174,'YA01904CHI'),
(175,'YA01915CHI'),
(176,'YA01926CHI'),
(177,'YA01937CHI'),
(178,'YA01948CHI'),
(179,'YA01959CHI'),
(180,'YA01970CHI'),
(181,'YA01981CHI'),
(182,'YA01992CHI'),
(183,'YA02003CHI'),
(184,'YA02014CHI'),
(185,'YA02025CHI'),
(186,'YA02036CHI'),
(187,'YA02047CHI'),
(188,'YA02058CHI'),
(189,'YA02069CHI'),
(190,'YA02080CHI'),
(191,'YA02091CHI'),
(192,'YA02102CHI'),
(193,'YA02113CHI'),
(194,'YA02124CHI'),
(195,'YA02135CHI'),
(196,'YA02146CHI'),
(197,'YA02157CHI'),
(198,'YA02168CHI'),
(199,'YA02179CHI'),
(200,'YA02190CHI'),
(201,'YA02201CHI'),
(202,'YA02212CHI'),
(203,'YA02223CHI'),
(204,'YA02234CHI'),
(205,'YA02245CHI'),
(206,'YA02256CHI'),
(207,'YA02267CHI'),
(208,'YA02278CHI'),
(209,'YA02289CHI'),
(210,'YA02300CHI'),
(211,'YA02311CHI'),
(212,'YA02322CHI'),
(213,'YA02333CHI'),
(214,'YA02344CHI'),
(215,'YA02355CHI'),
(216,'YA02366CHI'),
(217,'YA02377CHI'),
(218,'YA02388CHI'),
(219,'YA02399CHI'),
(220,'YA02410CHI'),
(221,'YA02421CHI'),
(222,'YA02432CHI'),
(223,'YA02443CHI'),
(224,'YA02454CHI'),
(225,'YA02465CHI'),
(226,'YA02476CHI'),
(227,'YA02487CHI'),
(228,'YA02498CHI'),
(229,'YA02509CHI'),
(230,'YA02520CHI'),
(231,'YA02531CHI'),
(232,'YA02542CHI'),
(233,'YA02553CHI'),
(234,'YA02564CHI'),
(235,'YA02575CHI'),
(236,'YA02586CHI'),
(237,'YA02597CHI'),
(238,'YA02608CHI'),
(239,'YA02619CHI'),
(240,'YA02630CHI'),
(241,'YA02641CHI'),
(242,'YA02652CHI'),
(243,'YA02663CHI'),
(244,'YA02674CHI'),
(245,'YA02685CHI'),
(246,'YA02696CHI'),
(247,'YA02707CHI'),
(248,'YA02718CHI'),
(249,'YA02729CHI'),
(250,'YA02740CHI'),
(251,'YA02751CHI'),
(252,'YA02762CHI'),
(253,'YA02773CHI'),
(254,'YA02784CHI'),
(255,'YA02795CHI'),
(256,'YA02806CHI'),
(257,'YA02817CHI'),
(258,'YA02828CHI'),
(259,'YA02839CHI'),
(260,'YA02850CHI'),
(261,'YA02861CHI'),
(262,'YA02872CHI'),
(263,'YA02883CHI'),
(264,'YA02894CHI'),
(265,'YA02905CHI'),
(266,'YA02916CHI'),
(267,'YA02927CHI'),
(268,'YA02938CHI'),
(269,'YA02949CHI'),
(270,'YA02960CHI'),
(271,'YA02971CHI'),
(272,'YA02982CHI'),
(273,'YA02993CHI'),
(274,'YA03004CHI'),
(275,'YA03015CHI'),
(276,'YA03026CHI'),
(277,'YA03037CHI'),
(278,'YA03048CHI'),
(279,'YA03059CHI'),
(280,'YA03070CHI'),
(281,'YA03081CHI'),
(282,'YA03092CHI'),
(283,'YA03103CHI'),
(284,'YA03114CHI'),
(285,'YA03125CHI'),
(286,'YA03136CHI'),
(287,'YA03147CHI'),
(288,'YA03158CHI'),
(289,'YA03169CHI'),
(290,'YA03180CHI'),
(291,'YA03191CHI'),
(292,'YA03202CHI'),
(293,'YA03213CHI'),
(294,'YA03224CHI'),
(295,'YA03235CHI'),
(296,'YA03246CHI'),
(297,'YA03257CHI'),
(298,'YA03268CHI'),
(299,'YA03279CHI'),
(300,'YA03290CHI'),
(301,'YA03301CHI'),
(302,'YA03312CHI'),
(303,'YA03323CHI'),
(304,'YA03334CHI'),
(305,'YA03345CHI'),
(306,'YA03356CHI'),
(307,'YA03367CHI'),
(308,'YA03378CHI'),
(309,'YA03389CHI'),
(310,'YA03400CHI'),
(311,'YA03411CHI'),
(312,'YA03422CHI'),
(313,'YA03433CHI'),
(314,'YA03444CHI'),
(315,'YA03455CHI'),
(316,'YA03466CHI'),
(317,'YA03477CHI'),
(318,'YA03488CHI'),
(319,'YA03499CHI'),
(320,'YA03510CHI'),
(321,'YA03521CHI'),
(322,'YA03532CHI'),
(323,'YA03543CHI'),
(324,'YA03554CHI'),
(325,'YA03565CHI'),
(326,'YA03576CHI'),
(327,'YA03587CHI'),
(328,'YA03598CHI'),
(329,'YA03609CHI'),
(330,'YA03620CHI'),
(331,'YA03631CHI'),
(332,'YA03642CHI'),
(333,'YA03653CHI'),
(334,'YA03664CHI'),
(335,'YA03675CHI'),
(336,'YA03686CHI'),
(337,'YA03697CHI'),
(338,'YA03708CHI'),
(339,'YA03719CHI'),
(340,'YA03730CHI'),
(341,'YA03741CHI'),
(342,'YA03752CHI'),
(343,'YA03763CHI'),
(344,'YA03774CHI'),
(345,'YA03785CHI'),
(346,'YA03796CHI'),
(347,'YA03807CHI'),
(348,'YA03818CHI'),
(349,'YA03829CHI'),
(350,'YA03840CHI'),
(351,'YA03851CHI'),
(352,'YA03862CHI'),
(353,'YA03873CHI'),
(354,'YA03884CHI'),
(355,'YA03895CHI'),
(356,'YA03906CHI'),
(357,'YA03917CHI'),
(358,'YA03928CHI'),
(359,'YA03939CHI'),
(360,'YA03950CHI'),
(361,'YA03961CHI'),
(362,'YA03972CHI'),
(363,'YA03983CHI'),
(364,'YA03994CHI'),
(365,'YA04005CHI'),
(366,'YA04016CHI'),
(367,'YA04027CHI'),
(368,'YA04038CHI'),
(369,'YA04049CHI'),
(370,'YA04060CHI'),
(371,'YA04071CHI'),
(372,'YA04082CHI'),
(373,'YA04093CHI'),
(374,'YA04104CHI'),
(375,'YA04115CHI'),
(376,'YA04126CHI'),
(377,'YA04137CHI'),
(378,'YA04148CHI'),
(379,'YA04159CHI'),
(380,'YA04170CHI'),
(381,'YA04181CHI'),
(382,'YA04192CHI'),
(383,'YA04203CHI'),
(384,'YA04214CHI'),
(385,'YA04225CHI'),
(386,'YA04236CHI'),
(387,'YA04247CHI'),
(388,'YA04258CHI'),
(389,'YA04269CHI'),
(390,'YA04280CHI'),
(391,'YA04291CHI'),
(392,'YA04302CHI'),
(393,'YA04313CHI'),
(394,'YA04324CHI'),
(395,'YA04335CHI'),
(396,'YA04346CHI'),
(397,'YA04357CHI'),
(398,'YA04368CHI'),
(399,'YA04379CHI'),
(400,'YA04390CHI'),
(401,'YA04401CHI'),
(402,'YA04412CHI'),
(403,'YA04423CHI'),
(404,'YA04434CHI'),
(405,'YA04445CHI'),
(406,'YA04456CHI'),
(407,'YA04467CHI'),
(408,'YA04478CHI'),
(409,'YA04489CHI'),
(410,'YA04500CHI'),
(411,'YA04511CHI'),
(412,'YA04522CHI'),
(413,'YA04533CHI'),
(414,'YA04544CHI'),
(415,'YA04555CHI'),
(416,'YA04566CHI'),
(417,'YA04577CHI'),
(418,'YA04588CHI'),
(419,'YA04599CHI'),
(420,'YA04610CHI'),
(421,'YA04621CHI'),
(422,'YA04632CHI'),
(423,'YA04643CHI'),
(424,'YA04654CHI'),
(425,'YA04665CHI'),
(426,'YA04676CHI'),
(427,'YA04687CHI'),
(428,'YA04698CHI'),
(429,'YA04709CHI'),
(430,'YA04720CHI'),
(431,'YA04731CHI'),
(432,'YA04742CHI'),
(433,'YA04753CHI'),
(434,'YA04764CHI'),
(435,'YA04775CHI'),
(436,'YA04786CHI'),
(437,'YA04797CHI'),
(438,'YA04808CHI'),
(439,'YA04819CHI'),
(440,'YA04830CHI'),
(441,'YA04841CHI'),
(442,'YA04852CHI'),
(443,'YA04863CHI'),
(444,'YA04874CHI'),
(445,'YA04885CHI'),
(446,'YA04896CHI'),
(447,'YA04907CHI'),
(448,'YA04918CHI'),
(449,'YA04929CHI'),
(450,'YA04940CHI'),
(451,'YA04951CHI'),
(452,'YA04962CHI'),
(453,'YA04973CHI'),
(454,'YA04984CHI'),
(455,'YA04995CHI'),
(456,'YA05006CHI'),
(457,'YA05017CHI'),
(458,'YA05028CHI'),
(459,'YA05039CHI'),
(460,'YA05050CHI'),
(461,'YA05061CHI'),
(462,'YA05072CHI'),
(463,'YA05083CHI'),
(464,'YA05094CHI'),
(465,'YA05105CHI'),
(466,'YA05116CHI'),
(467,'YA05127CHI'),
(468,'YA05138CHI'),
(469,'YA05149CHI'),
(470,'YA05160CHI'),
(471,'YA05171CHI'),
(472,'YA05182CHI'),
(473,'YA05193CHI'),
(474,'YA05204CHI'),
(475,'YA05215CHI'),
(476,'YA05226CHI'),
(477,'YA05237CHI'),
(478,'YA05248CHI'),
(479,'YA05259CHI'),
(480,'YA05270CHI'),
(481,'YA05281CHI'),
(482,'YA05292CHI'),
(483,'YA05303CHI'),
(484,'YA05314CHI'),
(485,'YA05325CHI'),
(486,'YA05336CHI'),
(487,'YA05347CHI'),
(488,'YA05358CHI'),
(489,'YA05369CHI'),
(490,'YA05380CHI'),
(491,'YA05391CHI'),
(492,'YA05402CHI'),
(493,'YA05413CHI'),
(494,'YA05424CHI'),
(495,'YA05435CHI'),
(496,'YA05446CHI'),
(497,'YA05457CHI'),
(498,'YA05468CHI'),
(499,'YA05479CHI'),
(500,'YA05490CHI'),
(501,'YA05501CHI'),
(502,'YA05512CHI'),
(503,'YA05523CHI'),
(504,'YA05534CHI'),
(505,'YA05545CHI'),
(506,'YA05556CHI'),
(507,'YA05567CHI'),
(508,'YA05578CHI'),
(509,'YA05589CHI'),
(510,'YA05600CHI'),
(511,'YA05611CHI'),
(512,'YA05622CHI'),
(513,'YA05633CHI'),
(514,'YA05644CHI'),
(515,'YA05655CHI'),
(516,'YA05666CHI'),
(517,'YA05677CHI'),
(518,'YA05688CHI'),
(519,'YA05699CHI'),
(520,'YA05710CHI'),
(521,'YA05721CHI'),
(522,'YA05732CHI'),
(523,'YA05743CHI'),
(524,'YA05754CHI'),
(525,'YA05765CHI'),
(526,'YA05776CHI'),
(527,'YA05787CHI'),
(528,'YA05798CHI'),
(529,'YA05809CHI'),
(530,'YA05820CHI'),
(531,'YA05831CHI'),
(532,'YA05842CHI'),
(533,'YA05853CHI'),
(534,'YA05864CHI'),
(535,'YA05875CHI'),
(536,'YA05886CHI'),
(537,'YA05897CHI'),
(538,'YA05908CHI'),
(539,'YA05919CHI'),
(540,'YA05930CHI'),
(541,'YA05941CHI'),
(542,'YA05952CHI'),
(543,'YA05963CHI'),
(544,'YA05974CHI'),
(545,'YA05985CHI'),
(546,'YA05996CHI'),
(547,'YA06007CHI'),
(548,'YA06018CHI'),
(549,'YA06029CHI'),
(550,'YA06040CHI'),
(551,'YA06051CHI'),
(552,'YA06062CHI'),
(553,'YA06073CHI'),
(554,'YA06084CHI'),
(555,'YA06095CHI'),
(556,'YA06106CHI'),
(557,'YA06117CHI'),
(558,'YA06128CHI'),
(559,'YA06139CHI'),
(560,'YA06150CHI'),
(561,'YA06161CHI'),
(562,'YA06172CHI'),
(563,'YA06183CHI'),
(564,'YA06194CHI'),
(565,'YA06205CHI'),
(566,'YA06216CHI'),
(567,'YA06227CHI'),
(568,'YA06238CHI'),
(569,'YA06249CHI'),
(570,'YA06260CHI'),
(571,'YA06271CHI'),
(572,'YA06282CHI'),
(573,'YA06293CHI'),
(574,'YA06304CHI'),
(575,'YA06315CHI'),
(576,'YA06326CHI'),
(577,'YA06337CHI'),
(578,'YA06348CHI'),
(579,'YA06359CHI'),
(580,'YA06370CHI'),
(581,'YA06381CHI'),
(582,'YA06392CHI'),
(583,'YA06403CHI'),
(584,'YA06414CHI'),
(585,'YA06425CHI'),
(586,'YA06436CHI'),
(587,'YA06447CHI'),
(588,'YA06458CHI'),
(589,'YA06469CHI'),
(590,'YA06480CHI'),
(591,'YA06491CHI'),
(592,'YA06502CHI'),
(593,'YA06513CHI'),
(594,'YA06524CHI'),
(595,'YA06535CHI'),
(596,'YA06546CHI'),
(597,'YA06557CHI'),
(598,'YA06568CHI'),
(599,'YA06579CHI'),
(600,'YA06590CHI'),
(601,'YA06601CHI'),
(602,'YA06612CHI'),
(603,'YA06623CHI'),
(604,'YA06634CHI'),
(605,'YA06645CHI'),
(606,'YA06656CHI'),
(607,'YA06667CHI'),
(608,'YA06678CHI'),
(609,'YA06689CHI'),
(610,'YA06700CHI'),
(611,'YA06711CHI'),
(612,'YA06722CHI'),
(613,'YA06733CHI'),
(614,'YA06744CHI'),
(615,'YA06755CHI'),
(616,'YA06766CHI'),
(617,'YA06777CHI'),
(618,'YA06788CHI'),
(619,'YA06799CHI'),
(620,'YA06810CHI'),
(621,'YA06821CHI'),
(622,'YA06832CHI'),
(623,'YA06843CHI'),
(624,'YA06854CHI'),
(625,'YA06865CHI'),
(626,'YA06876CHI'),
(627,'YA06887CHI'),
(628,'YA06898CHI'),
(629,'YA06909CHI'),
(630,'YA06920CHI'),
(631,'YA06931CHI'),
(632,'YA06942CHI'),
(633,'YA06953CHI'),
(634,'YA06964CHI'),
(635,'YA06975CHI'),
(636,'YA06986CHI'),
(637,'YA06997CHI'),
(638,'YA07008CHI'),
(639,'YA07019CHI'),
(640,'YA07030CHI'),
(641,'YA07041CHI'),
(642,'YA07052CHI'),
(643,'YA07063CHI'),
(644,'YA07074CHI'),
(645,'YA07085CHI'),
(646,'YA07096CHI'),
(647,'YA07107CHI'),
(648,'YA07118CHI'),
(649,'YA07129CHI'),
(650,'YA07140CHI'),
(651,'YA07151CHI'),
(652,'YA07162CHI'),
(653,'YA07173CHI'),
(654,'YA07184CHI'),
(655,'YA07195CHI'),
(656,'YA07206CHI'),
(657,'YA07217CHI'),
(658,'YA07228CHI'),
(659,'YA07239CHI'),
(660,'YA07250CHI'),
(661,'YA07261CHI'),
(662,'YA07272CHI'),
(663,'YA07283CHI'),
(664,'YA07294CHI'),
(665,'YA07305CHI'),
(666,'YA07316CHI'),
(667,'YA07327CHI'),
(668,'YA07338CHI'),
(669,'YA07349CHI'),
(670,'YA07360CHI'),
(671,'YA07371CHI'),
(672,'YA07382CHI'),
(673,'YA07393CHI'),
(674,'YA07404CHI'),
(675,'YA07415CHI'),
(676,'YA07426CHI'),
(677,'YA07437CHI'),
(678,'YA07448CHI'),
(679,'YA07459CHI'),
(680,'YA07470CHI'),
(681,'YA07481CHI'),
(682,'YA07492CHI'),
(683,'YA07503CHI'),
(684,'YA07514CHI'),
(685,'YA07525CHI'),
(686,'YA07536CHI'),
(687,'YA07547CHI'),
(688,'YA07558CHI'),
(689,'YA07569CHI'),
(690,'YA07580CHI'),
(691,'YA07591CHI'),
(692,'YA07602CHI'),
(693,'YA07613CHI'),
(694,'YA07624CHI'),
(695,'YA07635CHI'),
(696,'YA07646CHI'),
(697,'YA07657CHI'),
(698,'YA07668CHI'),
(699,'YA07679CHI'),
(700,'YA07690CHI'),
(701,'YA07701CHI'),
(702,'YA07712CHI'),
(703,'YA07723CHI'),
(704,'YA07734CHI'),
(705,'YA07745CHI'),
(706,'YA07756CHI'),
(707,'YA07767CHI'),
(708,'YA07778CHI'),
(709,'YA07789CHI'),
(710,'YA07800CHI'),
(711,'YA07811CHI'),
(712,'YA07822CHI'),
(713,'YA07833CHI'),
(714,'YA07844CHI'),
(715,'YA07855CHI'),
(716,'YA07866CHI'),
(717,'YA07877CHI'),
(718,'YA07888CHI'),
(719,'YA07899CHI'),
(720,'YA07910CHI'),
(721,'YA07921CHI'),
(722,'YA07932CHI'),
(723,'YA07943CHI'),
(724,'YA07954CHI'),
(725,'YA07965CHI'),
(726,'YA07976CHI'),
(727,'YA07987CHI'),
(728,'YA07998CHI'),
(729,'YA08009CHI'),
(730,'YA08020CHI'),
(731,'YA08031CHI'),
(732,'YA08042CHI'),
(733,'YA08053CHI'),
(734,'YA08064CHI'),
(735,'YA08075CHI'),
(736,'YA08086CHI'),
(737,'YA08097CHI'),
(738,'YA08108CHI'),
(739,'YA08119CHI'),
(740,'YA08130CHI'),
(741,'YA08141CHI'),
(742,'YA08152CHI'),
(743,'YA08163CHI'),
(744,'YA08174CHI'),
(745,'YA08185CHI'),
(746,'YA08196CHI'),
(747,'YA08207CHI'),
(748,'YA08218CHI'),
(749,'YA08229CHI'),
(750,'YA08240CHI'),
(751,'YA08251CHI'),
(752,'YA08262CHI'),
(753,'YA08273CHI'),
(754,'YA08284CHI'),
(755,'YA08295CHI'),
(756,'YA08306CHI'),
(757,'YA08317CHI'),
(758,'YA08328CHI'),
(759,'YA08339CHI'),
(760,'YA08350CHI'),
(761,'YA08361CHI'),
(762,'YA08372CHI'),
(763,'YA08383CHI'),
(764,'YA08394CHI'),
(765,'YA08405CHI'),
(766,'YA08416CHI'),
(767,'YA08427CHI'),
(768,'YA08438CHI'),
(769,'YA08449CHI'),
(770,'YA08460CHI'),
(771,'YA08471CHI'),
(772,'YA08482CHI'),
(773,'YA08493CHI'),
(774,'YA08504CHI'),
(775,'YA08515CHI'),
(776,'YA08526CHI'),
(777,'YA08537CHI'),
(778,'YA08548CHI'),
(779,'YA08559CHI'),
(780,'YA08570CHI'),
(781,'YA08581CHI'),
(782,'YA08592CHI'),
(783,'YA08603CHI'),
(784,'YA08614CHI'),
(785,'YA08625CHI'),
(786,'YA08636CHI'),
(787,'YA08647CHI'),
(788,'YA08658CHI'),
(789,'YA08669CHI'),
(790,'YA08680CHI'),
(791,'YA08691CHI'),
(792,'YA08702CHI'),
(793,'YA08713CHI'),
(794,'YA08724CHI'),
(795,'YA08735CHI'),
(796,'YA08746CHI'),
(797,'YA08757CHI'),
(798,'YA08768CHI'),
(799,'YA08779CHI'),
(800,'YA08790CHI'),
(801,'YA08801CHI'),
(802,'YA08812CHI'),
(803,'YA08823CHI'),
(804,'YA08834CHI'),
(805,'YA08845CHI'),
(806,'YA08856CHI'),
(807,'YA08867CHI'),
(808,'YA08878CHI'),
(809,'YA08889CHI'),
(810,'YA08900CHI'),
(811,'YA08911CHI'),
(812,'YA08922CHI'),
(813,'YA08933CHI'),
(814,'YA08944CHI'),
(815,'YA08955CHI'),
(816,'YA08966CHI'),
(817,'YA08977CHI'),
(818,'YA08988CHI'),
(819,'YA08999CHI'),
(820,'YA09010CHI'),
(821,'YA09021CHI'),
(822,'YA09032CHI'),
(823,'YA09043CHI'),
(824,'YA09054CHI'),
(825,'YA09065CHI'),
(826,'YA09076CHI'),
(827,'YA09087CHI'),
(828,'YA09098CHI'),
(829,'YA09109CHI'),
(830,'YA09120CHI'),
(831,'YA09131CHI'),
(832,'YA09142CHI'),
(833,'YA09153CHI'),
(834,'YA09164CHI'),
(835,'YA09175CHI'),
(836,'YA09186CHI'),
(837,'YA09197CHI'),
(838,'YA09208CHI'),
(839,'YA09219CHI'),
(840,'YA09230CHI'),
(841,'YA09241CHI'),
(842,'YA09252CHI'),
(843,'YA09263CHI'),
(844,'YA09274CHI'),
(845,'YA09285CHI'),
(846,'YA09296CHI'),
(847,'YA09307CHI'),
(848,'YA09318CHI'),
(849,'YA09329CHI'),
(850,'YA09340CHI'),
(851,'YA09351CHI'),
(852,'YA09362CHI'),
(853,'YA09373CHI'),
(854,'YA09384CHI'),
(855,'YA09395CHI'),
(856,'YA09406CHI'),
(857,'YA09417CHI'),
(858,'YA09428CHI'),
(859,'YA09439CHI'),
(860,'YA09450CHI'),
(861,'YA09461CHI'),
(862,'YA09472CHI'),
(863,'YA09483CHI'),
(864,'YA09494CHI'),
(865,'YA09505CHI'),
(866,'YA09516CHI'),
(867,'YA09527CHI'),
(868,'YA09538CHI'),
(869,'YA09549CHI'),
(870,'YA09560CHI'),
(871,'YA09571CHI'),
(872,'YA09582CHI'),
(873,'YA09593CHI'),
(874,'YA09604CHI'),
(875,'YA09615CHI'),
(876,'YA09626CHI'),
(877,'YA09637CHI'),
(878,'YA09648CHI'),
(879,'YA09659CHI'),
(880,'YA09670CHI'),
(881,'YA09681CHI'),
(882,'YA09692CHI'),
(883,'YA09703CHI'),
(884,'YA09714CHI'),
(885,'YA09725CHI'),
(886,'YA09736CHI'),
(887,'YA09747CHI'),
(888,'YA09758CHI'),
(889,'YA09769CHI'),
(890,'YA09780CHI'),
(891,'YA09791CHI'),
(892,'YA09802CHI'),
(893,'YA09813CHI'),
(894,'YA09824CHI'),
(895,'YA09835CHI'),
(896,'YA09846CHI'),
(897,'YA09857CHI'),
(898,'YA09868CHI'),
(899,'YA09879CHI'),
(900,'YA09890CHI'),
(901,'YA09901CHI'),
(902,'YA09912CHI'),
(903,'YA09923CHI'),
(904,'YA09934CHI'),
(905,'YA09945CHI'),
(906,'YA09956CHI'),
(907,'YA09967CHI'),
(908,'YA09978CHI'),
(909,'YA09989CHI'),
(910,'YA10000CHI'),
(911,'YA10011CHI'),
(912,'YA10022CHI'),
(913,'YA10033CHI'),
(914,'YA10044CHI'),
(915,'YA10055CHI'),
(916,'YA10066CHI'),
(917,'YA10077CHI'),
(918,'YA10088CHI'),
(919,'YA10099CHI'),
(920,'YA10110CHI'),
(921,'YA10121CHI'),
(922,'YA10132CHI'),
(923,'YA10143CHI'),
(924,'YA10154CHI'),
(925,'YA10165CHI'),
(926,'YA10176CHI'),
(927,'YA10187CHI'),
(928,'YA10198CHI'),
(929,'YA10209CHI'),
(930,'YA10220CHI'),
(931,'YA10231CHI'),
(932,'YA10242CHI'),
(933,'YA10253CHI'),
(934,'YA10264CHI'),
(935,'YA10275CHI'),
(936,'YA10286CHI'),
(937,'YA10297CHI'),
(938,'YA10308CHI'),
(939,'YA10319CHI'),
(940,'YA10330CHI'),
(941,'YA10341CHI'),
(942,'YA10352CHI'),
(943,'YA10363CHI'),
(944,'YA10374CHI'),
(945,'YA10385CHI'),
(946,'YA10396CHI'),
(947,'YA10407CHI'),
(948,'YA10418CHI'),
(949,'YA10429CHI'),
(950,'YA10440CHI'),
(951,'YA10451CHI'),
(952,'YA10462CHI'),
(953,'YA10473CHI'),
(954,'YA10484CHI'),
(955,'YA10495CHI'),
(956,'YA10506CHI'),
(957,'YA10517CHI'),
(958,'YA10528CHI'),
(959,'YA10539CHI'),
(960,'YA10550CHI'),
(961,'YA10561CHI'),
(962,'YA10572CHI'),
(963,'YA10583CHI'),
(964,'YA10594CHI'),
(965,'YA10605CHI'),
(966,'YA10616CHI'),
(967,'YA10627CHI'),
(968,'YA10638CHI'),
(969,'YA10649CHI'),
(970,'YA10660CHI'),
(971,'YA10671CHI'),
(972,'YA10682CHI'),
(973,'YA10693CHI'),
(974,'YA10704CHI'),
(975,'YA10715CHI'),
(976,'YA10726CHI'),
(977,'YA10737CHI'),
(978,'YA10748CHI'),
(979,'YA10759CHI'),
(980,'YA10770CHI'),
(981,'YA10781CHI'),
(982,'YA10792CHI'),
(983,'YA10803CHI'),
(984,'YA10814CHI'),
(985,'YA10825CHI'),
(986,'YA10836CHI'),
(987,'YA10847CHI'),
(988,'YA10858CHI'),
(989,'YA10869CHI'),
(990,'YA10880CHI'),
(991,'YA10891CHI'),
(992,'YA10902CHI'),
(993,'YA10913CHI'),
(994,'YA10924CHI'),
(995,'YA10935CHI'),
(996,'YA10946CHI'),
(997,'YA10957CHI'),
(998,'YA10968CHI'),
(999,'YA10979CHI'),
(1000,'YA10990CHI'),
(1001,'YA11001CHI'),
(1002,'YA11012CHI'),
(1003,'YA11023CHI'),
(1004,'YA11034CHI'),
(1005,'YA11045CHI'),
(1006,'YA11056CHI'),
(1007,'YA11067CHI'),
(1008,'YA11078CHI'),
(1009,'YA11089CHI'),
(1010,'YA11100CHI'),
(1011,'YA11111CHI'),
(1012,'YA11122CHI'),
(1013,'YA11133CHI'),
(1014,'YA11144CHI'),
(1015,'YA11155CHI'),
(1016,'YA11166CHI'),
(1017,'YA11177CHI'),
(1018,'YA11188CHI'),
(1019,'YA11199CHI'),
(1020,'YA11210CHI'),
(1021,'YA11221CHI'),
(1022,'YA11232CHI'),
(1023,'YA11243CHI'),
(1024,'YA11254CHI'),
(1025,'YA11265CHI'),
(1026,'YA11276CHI'),
(1027,'YA11287CHI'),
(1028,'YA11298CHI'),
(1029,'YA11309CHI'),
(1030,'YA11320CHI'),
(1031,'YA11331CHI'),
(1032,'YA11342CHI'),
(1033,'YA11353CHI'),
(1034,'YA11364CHI'),
(1035,'YA11375CHI'),
(1036,'YA11386CHI'),
(1037,'YA11397CHI'),
(1038,'YA11408CHI'),
(1039,'YA11419CHI'),
(1040,'YA11430CHI'),
(1041,'YA11441CHI'),
(1042,'YA11452CHI'),
(1043,'YA11463CHI'),
(1044,'YA11474CHI'),
(1045,'YA11485CHI'),
(1046,'YA11496CHI'),
(1047,'YA11507CHI'),
(1048,'YA11518CHI'),
(1049,'YA11529CHI'),
(1050,'YA11540CHI'),
(1051,'YA11551CHI'),
(1052,'YA11562CHI'),
(1053,'YA11573CHI'),
(1054,'YA11584CHI'),
(1055,'YA11595CHI'),
(1056,'YA11606CHI'),
(1057,'YA11617CHI'),
(1058,'YA11628CHI'),
(1059,'YA11639CHI'),
(1060,'YA11650CHI'),
(1061,'YA11661CHI'),
(1062,'YA11672CHI'),
(1063,'YA11683CHI'),
(1064,'YA11694CHI'),
(1065,'YA11705CHI'),
(1066,'YA11716CHI'),
(1067,'YA11727CHI'),
(1068,'YA11738CHI'),
(1069,'YA11749CHI'),
(1070,'YA11760CHI'),
(1071,'YA11771CHI'),
(1072,'YA11782CHI'),
(1073,'YA11793CHI'),
(1074,'YA11804CHI'),
(1075,'YA11815CHI'),
(1076,'YA11826CHI'),
(1077,'YA11837CHI'),
(1078,'YA11848CHI'),
(1079,'YA11859CHI'),
(1080,'YA11870CHI'),
(1081,'YA11881CHI'),
(1082,'YA11892CHI'),
(1083,'YA11903CHI'),
(1084,'YA11914CHI'),
(1085,'YA11925CHI'),
(1086,'YA11936CHI'),
(1087,'YA11947CHI'),
(1088,'YA11958CHI'),
(1089,'YA11969CHI'),
(1090,'YA11980CHI'),
(1091,'YA11991CHI'),
(1092,'YA12002CHI'),
(1093,'YA12013CHI'),
(1094,'YA12024CHI'),
(1095,'YA12035CHI'),
(1096,'YA12046CHI'),
(1097,'YA12057CHI'),
(1098,'YA12068CHI'),
(1099,'YA12079CHI'),
(1100,'YA12090CHI'),
(1101,'YA12101CHI'),
(1102,'YA12112CHI'),
(1103,'YA12123CHI'),
(1104,'YA12134CHI'),
(1105,'YA12145CHI'),
(1106,'YA12156CHI'),
(1107,'YA12167CHI'),
(1108,'YA12178CHI'),
(1109,'YA12189CHI'),
(1110,'YA12200CHI'),
(1111,'YA12211CHI'),
(1112,'YA12222CHI'),
(1113,'YA12233CHI'),
(1114,'YA12244CHI'),
(1115,'YA12255CHI'),
(1116,'YA12266CHI'),
(1117,'YA12277CHI'),
(1118,'YA12288CHI'),
(1119,'YA12299CHI'),
(1120,'YA12310CHI'),
(1121,'YA12321CHI'),
(1122,'YA12332CHI'),
(1123,'YA12343CHI'),
(1124,'YA12354CHI'),
(1125,'YA12365CHI'),
(1126,'YA12376CHI'),
(1127,'YA12387CHI'),
(1128,'YA12398CHI'),
(1129,'YA12409CHI'),
(1130,'YA12420CHI'),
(1131,'YA12431CHI'),
(1132,'YA12442CHI'),
(1133,'YA12453CHI'),
(1134,'YA12464CHI'),
(1135,'YA12475CHI'),
(1136,'YA12486CHI'),
(1137,'YA12497CHI'),
(1138,'YA12508CHI'),
(1139,'YA12519CHI'),
(1140,'YA12530CHI'),
(1141,'YA12541CHI'),
(1142,'YA12552CHI'),
(1143,'YA12563CHI'),
(1144,'YA12574CHI'),
(1145,'YA12585CHI'),
(1146,'YA12596CHI'),
(1147,'YA12607CHI'),
(1148,'YA12618CHI'),
(1149,'YA12629CHI'),
(1150,'YA12640CHI'),
(1151,'YA12651CHI'),
(1152,'YA12662CHI'),
(1153,'YA12673CHI'),
(1154,'YA12684CHI'),
(1155,'YA12695CHI'),
(1156,'YA12706CHI'),
(1157,'YA12717CHI'),
(1158,'YA12728CHI'),
(1159,'YA12739CHI'),
(1160,'YA12750CHI'),
(1161,'YA12761CHI'),
(1162,'YA12772CHI'),
(1163,'YA12783CHI'),
(1164,'YA12794CHI'),
(1165,'YA12805CHI'),
(1166,'YA12816CHI'),
(1167,'YA12827CHI'),
(1168,'YA12838CHI'),
(1169,'YA12849CHI'),
(1170,'YA12860CHI'),
(1171,'YA12871CHI'),
(1172,'YA12882CHI'),
(1173,'YA12893CHI'),
(1174,'YA12904CHI'),
(1175,'YA12915CHI'),
(1176,'YA12926CHI'),
(1177,'YA12937CHI'),
(1178,'YA12948CHI'),
(1179,'YA12959CHI'),
(1180,'YA12970CHI'),
(1181,'YA12981CHI'),
(1182,'YA12992CHI'),
(1183,'YA13003CHI'),
(1184,'YA13014CHI'),
(1185,'YA13025CHI'),
(1186,'YA13036CHI'),
(1187,'YA13047CHI'),
(1188,'YA13058CHI'),
(1189,'YA13069CHI'),
(1190,'YA13080CHI'),
(1191,'YA13091CHI'),
(1192,'YA13102CHI'),
(1193,'YA13113CHI'),
(1194,'YA13124CHI'),
(1195,'YA13135CHI'),
(1196,'YA13146CHI'),
(1197,'YA13157CHI'),
(1198,'YA13168CHI'),
(1199,'YA13179CHI'),
(1200,'YA13190CHI'),
(1201,'YA13201CHI'),
(1202,'YA13212CHI'),
(1203,'YA13223CHI'),
(1204,'YA13234CHI'),
(1205,'YA13245CHI'),
(1206,'YA13256CHI'),
(1207,'YA13267CHI'),
(1208,'YA13278CHI'),
(1209,'YA13289CHI'),
(1210,'YA13300CHI'),
(1211,'YA13311CHI'),
(1212,'YA13322CHI'),
(1213,'YA13333CHI'),
(1214,'YA13344CHI'),
(1215,'YA13355CHI'),
(1216,'YA13366CHI'),
(1217,'YA13377CHI'),
(1218,'YA13388CHI'),
(1219,'YA13399CHI'),
(1220,'YA13410CHI'),
(1221,'YA13421CHI'),
(1222,'YA13432CHI'),
(1223,'YA13443CHI'),
(1224,'YA13454CHI'),
(1225,'YA13465CHI'),
(1226,'YA13476CHI'),
(1227,'YA13487CHI'),
(1228,'YA13498CHI'),
(1229,'YA13509CHI'),
(1230,'YA13520CHI'),
(1231,'YA13531CHI'),
(1232,'YA13542CHI'),
(1233,'YA13553CHI'),
(1234,'YA13564CHI'),
(1235,'YA13575CHI'),
(1236,'YA13586CHI'),
(1237,'YA13597CHI'),
(1238,'YA13608CHI'),
(1239,'YA13619CHI'),
(1240,'YA13630CHI'),
(1241,'YA13641CHI'),
(1242,'YA13652CHI'),
(1243,'YA13663CHI'),
(1244,'YA13674CHI'),
(1245,'YA13685CHI'),
(1246,'YA13696CHI'),
(1247,'YA13707CHI'),
(1248,'YA13718CHI'),
(1249,'YA13729CHI'),
(1250,'YA13740CHI'),
(1251,'YA13751CHI'),
(1252,'YA13762CHI'),
(1253,'YA13773CHI'),
(1254,'YA13784CHI'),
(1255,'YA13795CHI'),
(1256,'YA13806CHI'),
(1257,'YA13817CHI'),
(1258,'YA13828CHI'),
(1259,'YA13839CHI'),
(1260,'YA13850CHI'),
(1261,'YA13861CHI'),
(1262,'YA13872CHI'),
(1263,'YA13883CHI'),
(1264,'YA13894CHI'),
(1265,'YA13905CHI'),
(1266,'YA13916CHI'),
(1267,'YA13927CHI'),
(1268,'YA13938CHI'),
(1269,'YA13949CHI'),
(1270,'YA13960CHI'),
(1271,'YA13971CHI'),
(1272,'YA13982CHI'),
(1273,'YA13993CHI'),
(1274,'YA14004CHI'),
(1275,'YA14015CHI'),
(1276,'YA14026CHI'),
(1277,'YA14037CHI'),
(1278,'YA14048CHI'),
(1279,'YA14059CHI'),
(1280,'YA14070CHI'),
(1281,'YA14081CHI'),
(1282,'YA14092CHI'),
(1283,'YA14103CHI'),
(1284,'YA14114CHI'),
(1285,'YA14125CHI'),
(1286,'YA14136CHI'),
(1287,'YA14147CHI'),
(1288,'YA14158CHI'),
(1289,'YA14169CHI'),
(1290,'YA14180CHI'),
(1291,'YA14191CHI'),
(1292,'YA14202CHI'),
(1293,'YA14213CHI'),
(1294,'YA14224CHI'),
(1295,'YA14235CHI'),
(1296,'YA14246CHI'),
(1297,'YA14257CHI'),
(1298,'YA14268CHI'),
(1299,'YA14279CHI'),
(1300,'YA14290CHI'),
(1301,'YA14301CHI'),
(1302,'YA14312CHI'),
(1303,'YA14323CHI'),
(1304,'YA14334CHI'),
(1305,'YA14345CHI'),
(1306,'YA14356CHI'),
(1307,'YA14367CHI'),
(1308,'YA14378CHI'),
(1309,'YA14389CHI'),
(1310,'YA14400CHI'),
(1311,'YA14411CHI'),
(1312,'YA14422CHI'),
(1313,'YA14433CHI'),
(1314,'YA14444CHI'),
(1315,'YA14455CHI'),
(1316,'YA14466CHI'),
(1317,'YA14477CHI'),
(1318,'YA14488CHI'),
(1319,'YA14499CHI'),
(1320,'YA14510CHI'),
(1321,'YA14521CHI'),
(1322,'YA14532CHI'),
(1323,'YA14543CHI'),
(1324,'YA14554CHI'),
(1325,'YA14565CHI'),
(1326,'YA14576CHI'),
(1327,'YA14587CHI'),
(1328,'YA14598CHI'),
(1329,'YA14609CHI'),
(1330,'YA14620CHI'),
(1331,'YA14631CHI'),
(1332,'YA14642CHI'),
(1333,'YA14653CHI'),
(1334,'YA14664CHI'),
(1335,'YA14675CHI'),
(1336,'YA14686CHI'),
(1337,'YA14697CHI'),
(1338,'YA14708CHI'),
(1339,'YA14719CHI'),
(1340,'YA14730CHI'),
(1341,'YA14741CHI'),
(1342,'YA14752CHI'),
(1343,'YA14763CHI'),
(1344,'YA14774CHI'),
(1345,'YA14785CHI'),
(1346,'YA14796CHI'),
(1347,'YA14807CHI'),
(1348,'YA14818CHI'),
(1349,'YA14829CHI'),
(1350,'YA14840CHI'),
(1351,'YA14851CHI'),
(1352,'YA14862CHI'),
(1353,'YA14873CHI'),
(1354,'YA14884CHI'),
(1355,'YA14895CHI'),
(1356,'YA14906CHI'),
(1357,'YA14917CHI'),
(1358,'YA14928CHI'),
(1359,'YA14939CHI'),
(1360,'YA14950CHI'),
(1361,'YA14961CHI'),
(1362,'YA14972CHI'),
(1363,'YA14983CHI'),
(1364,'YA14994CHI'),
(1365,'YA15005CHI'),
(1366,'YA15016CHI'),
(1367,'YA15027CHI'),
(1368,'YA15038CHI'),
(1369,'YA15049CHI'),
(1370,'YA15060CHI'),
(1371,'YA15071CHI'),
(1372,'YA15082CHI'),
(1373,'YA15093CHI'),
(1374,'YA15104CHI'),
(1375,'YA15115CHI'),
(1376,'YA15126CHI'),
(1377,'YA15137CHI'),
(1378,'YA15148CHI'),
(1379,'YA15159CHI'),
(1380,'YA15170CHI'),
(1381,'YA15181CHI'),
(1382,'YA15192CHI'),
(1383,'YA15203CHI'),
(1384,'YA15214CHI'),
(1385,'YA15225CHI'),
(1386,'YA15236CHI'),
(1387,'YA15247CHI'),
(1388,'YA15258CHI'),
(1389,'YA15269CHI'),
(1390,'YA15280CHI'),
(1391,'YA15291CHI'),
(1392,'YA15302CHI'),
(1393,'YA15313CHI'),
(1394,'YA15324CHI'),
(1395,'YA15335CHI'),
(1396,'YA15346CHI'),
(1397,'YA15357CHI'),
(1398,'YA15368CHI'),
(1399,'YA15379CHI'),
(1400,'YA15390CHI'),
(1401,'YA15401CHI'),
(1402,'YA15412CHI'),
(1403,'YA15423CHI'),
(1404,'YA15434CHI'),
(1405,'YA15445CHI'),
(1406,'YA15456CHI'),
(1407,'YA15467CHI'),
(1408,'YA15478CHI'),
(1409,'YA15489CHI'),
(1410,'YA15500CHI'),
(1411,'YA15511CHI'),
(1412,'YA15522CHI'),
(1413,'YA15533CHI'),
(1414,'YA15544CHI'),
(1415,'YA15555CHI'),
(1416,'YA15566CHI'),
(1417,'YA15577CHI'),
(1418,'YA15588CHI'),
(1419,'YA15599CHI'),
(1420,'YA15610CHI'),
(1421,'YA15621CHI'),
(1422,'YA15632CHI'),
(1423,'YA15643CHI'),
(1424,'YA15654CHI'),
(1425,'YA15665CHI'),
(1426,'YA15676CHI'),
(1427,'YA15687CHI'),
(1428,'YA15698CHI'),
(1429,'YA15709CHI'),
(1430,'YA15720CHI'),
(1431,'YA15731CHI'),
(1432,'YA15742CHI'),
(1433,'YA15753CHI'),
(1434,'YA15764CHI'),
(1435,'YA15775CHI'),
(1436,'YA15786CHI'),
(1437,'YA15797CHI'),
(1438,'YA15808CHI'),
(1439,'YA15819CHI'),
(1440,'YA15830CHI'),
(1441,'YA15841CHI'),
(1442,'YA15852CHI'),
(1443,'YA15863CHI'),
(1444,'YA15874CHI'),
(1445,'YA15885CHI'),
(1446,'YA15896CHI'),
(1447,'YA15907CHI'),
(1448,'YA15918CHI'),
(1449,'YA15929CHI'),
(1450,'YA15940CHI'),
(1451,'YA15951CHI'),
(1452,'YA15962CHI'),
(1453,'YA15973CHI'),
(1454,'YA15984CHI'),
(1455,'YA15995CHI'),
(1456,'YA16006CHI'),
(1457,'YA16017CHI'),
(1458,'YA16028CHI'),
(1459,'YA16039CHI'),
(1460,'YA16050CHI'),
(1461,'YA16061CHI'),
(1462,'YA16072CHI'),
(1463,'YA16083CHI'),
(1464,'YA16094CHI'),
(1465,'YA16105CHI'),
(1466,'YA16116CHI'),
(1467,'YA16127CHI'),
(1468,'YA16138CHI'),
(1469,'YA16149CHI'),
(1470,'YA16160CHI'),
(1471,'YA16171CHI'),
(1472,'YA16182CHI'),
(1473,'YA16193CHI'),
(1474,'YA16204CHI'),
(1475,'YA16215CHI'),
(1476,'YA16226CHI'),
(1477,'YA16237CHI'),
(1478,'YA16248CHI'),
(1479,'YA16259CHI'),
(1480,'YA16270CHI'),
(1481,'YA16281CHI'),
(1482,'YA16292CHI'),
(1483,'YA16303CHI'),
(1484,'YA16314CHI'),
(1485,'YA16325CHI'),
(1486,'YA16336CHI'),
(1487,'YA16347CHI'),
(1488,'YA16358CHI'),
(1489,'YA16369CHI'),
(1490,'YA16380CHI'),
(1491,'YA16391CHI'),
(1492,'YA16402CHI'),
(1493,'YA16413CHI'),
(1494,'YA16424CHI'),
(1495,'YA16435CHI'),
(1496,'YA16446CHI'),
(1497,'YA16457CHI'),
(1498,'YA16468CHI'),
(1499,'YA16479CHI'),
(1500,'YA16490CHI'),
(1501,'YA16501CHI'),
(1502,'YA16512CHI'),
(1503,'YA16523CHI'),
(1504,'YA16534CHI'),
(1505,'YA16545CHI'),
(1506,'YA16556CHI'),
(1507,'YA16567CHI'),
(1508,'YA16578CHI'),
(1509,'YA16589CHI'),
(1510,'YA16600CHI'),
(1511,'YA16611CHI'),
(1512,'YA16622CHI'),
(1513,'YA16633CHI'),
(1514,'YA16644CHI'),
(1515,'YA16655CHI'),
(1516,'YA16666CHI'),
(1517,'YA16677CHI'),
(1518,'YA16688CHI'),
(1519,'YA16699CHI'),
(1520,'YA16710CHI'),
(1521,'YA16721CHI'),
(1522,'YA16732CHI'),
(1523,'YA16743CHI'),
(1524,'YA16754CHI'),
(1525,'YA16765CHI'),
(1526,'YA16776CHI'),
(1527,'YA16787CHI'),
(1528,'YA16798CHI'),
(1529,'YA16809CHI'),
(1530,'YA16820CHI'),
(1531,'YA16831CHI'),
(1532,'YA16842CHI'),
(1533,'YA16853CHI'),
(1534,'YA16864CHI'),
(1535,'YA16875CHI'),
(1536,'YA16886CHI'),
(1537,'YA16897CHI'),
(1538,'YA16908CHI'),
(1539,'YA16919CHI'),
(1540,'YA16930CHI'),
(1541,'YA16941CHI'),
(1542,'YA16952CHI'),
(1543,'YA16963CHI'),
(1544,'YA16974CHI'),
(1545,'YA16985CHI'),
(1546,'YA16996CHI'),
(1547,'YA17007CHI'),
(1548,'YA17018CHI'),
(1549,'YA17029CHI'),
(1550,'YA17040CHI'),
(1551,'YA17051CHI'),
(1552,'YA17062CHI'),
(1553,'YA17073CHI'),
(1554,'YA17084CHI'),
(1555,'YA17095CHI'),
(1556,'YA17106CHI'),
(1557,'YA17117CHI'),
(1558,'YA17128CHI'),
(1559,'YA17139CHI'),
(1560,'YA17150CHI'),
(1561,'YA17161CHI'),
(1562,'YA17172CHI'),
(1563,'YA17183CHI'),
(1564,'YA17194CHI'),
(1565,'YA17205CHI'),
(1566,'YA17216CHI'),
(1567,'YA17227CHI'),
(1568,'YA17238CHI'),
(1569,'YA17249CHI'),
(1570,'YA17260CHI'),
(1571,'YA17271CHI'),
(1572,'YA17282CHI'),
(1573,'YA17293CHI'),
(1574,'YA17304CHI'),
(1575,'YA17315CHI'),
(1576,'YA17326CHI'),
(1577,'YA17337CHI'),
(1578,'YA17348CHI'),
(1579,'YA17359CHI'),
(1580,'YA17370CHI'),
(1581,'YA17381CHI'),
(1582,'YA17392CHI'),
(1583,'YA17403CHI'),
(1584,'YA17414CHI'),
(1585,'YA17425CHI'),
(1586,'YA17436CHI'),
(1587,'YA17447CHI'),
(1588,'YA17458CHI'),
(1589,'YA17469CHI'),
(1590,'YA17480CHI'),
(1591,'YA17491CHI'),
(1592,'YA17502CHI'),
(1593,'YA17513CHI'),
(1594,'YA17524CHI'),
(1595,'YA17535CHI'),
(1596,'YA17546CHI'),
(1597,'YA17557CHI'),
(1598,'YA17568CHI'),
(1599,'YA17579CHI'),
(1600,'YA17590CHI'),
(1601,'YA17601CHI'),
(1602,'YA17612CHI'),
(1603,'YA17623CHI'),
(1604,'YA17634CHI'),
(1605,'YA17645CHI'),
(1606,'YA17656CHI'),
(1607,'YA17667CHI'),
(1608,'YA17678CHI'),
(1609,'YA17689CHI'),
(1610,'YA17700CHI'),
(1611,'YA17711CHI'),
(1612,'YA17722CHI'),
(1613,'YA17733CHI'),
(1614,'YA17744CHI'),
(1615,'YA17755CHI'),
(1616,'YA17766CHI'),
(1617,'YA17777CHI'),
(1618,'YA17788CHI'),
(1619,'YA17799CHI'),
(1620,'YA17810CHI'),
(1621,'YA17821CHI'),
(1622,'YA17832CHI'),
(1623,'YA17843CHI'),
(1624,'YA17854CHI'),
(1625,'YA17865CHI'),
(1626,'YA17876CHI'),
(1627,'YA17887CHI'),
(1628,'YA17898CHI'),
(1629,'YA17909CHI'),
(1630,'YA17920CHI'),
(1631,'YA17931CHI'),
(1632,'YA17942CHI'),
(1633,'YA17953CHI'),
(1634,'YA17964CHI'),
(1635,'YA17975CHI'),
(1636,'YA17986CHI'),
(1637,'YA17997CHI'),
(1638,'YA18008CHI'),
(1639,'YA18019CHI'),
(1640,'YA18030CHI'),
(1641,'YA18041CHI'),
(1642,'YA18052CHI'),
(1643,'YA18063CHI'),
(1644,'YA18074CHI'),
(1645,'YA18085CHI'),
(1646,'YA18096CHI'),
(1647,'YA18107CHI'),
(1648,'YA18118CHI'),
(1649,'YA18129CHI'),
(1650,'YA18140CHI'),
(1651,'YA18151CHI'),
(1652,'YA18162CHI'),
(1653,'YA18173CHI'),
(1654,'YA18184CHI'),
(1655,'YA18195CHI'),
(1656,'YA18206CHI'),
(1657,'YA18217CHI'),
(1658,'YA18228CHI'),
(1659,'YA18239CHI'),
(1660,'YA18250CHI'),
(1661,'YA18261CHI'),
(1662,'YA18272CHI'),
(1663,'YA18283CHI'),
(1664,'YA18294CHI'),
(1665,'YA18305CHI'),
(1666,'YA18316CHI'),
(1667,'YA18327CHI'),
(1668,'YA18338CHI'),
(1669,'YA18349CHI'),
(1670,'YA18360CHI'),
(1671,'YA18371CHI'),
(1672,'YA18382CHI'),
(1673,'YA18393CHI'),
(1674,'YA18404CHI'),
(1675,'YA18415CHI'),
(1676,'YA18426CHI'),
(1677,'YA18437CHI'),
(1678,'YA18448CHI'),
(1679,'YA18459CHI'),
(1680,'YA18470CHI'),
(1681,'YA18481CHI'),
(1682,'YA18492CHI'),
(1683,'YA18503CHI'),
(1684,'YA18514CHI'),
(1685,'YA18525CHI'),
(1686,'YA18536CHI'),
(1687,'YA18547CHI'),
(1688,'YA18558CHI'),
(1689,'YA18569CHI'),
(1690,'YA18580CHI'),
(1691,'YA18591CHI'),
(1692,'YA18602CHI'),
(1693,'YA18613CHI'),
(1694,'YA18624CHI'),
(1695,'YA18635CHI'),
(1696,'YA18646CHI'),
(1697,'YA18657CHI'),
(1698,'YA18668CHI'),
(1699,'YA18679CHI'),
(1700,'YA18690CHI'),
(1701,'YA18701CHI'),
(1702,'YA18712CHI'),
(1703,'YA18723CHI'),
(1704,'YA18734CHI'),
(1705,'YA18745CHI'),
(1706,'YA18756CHI'),
(1707,'YA18767CHI'),
(1708,'YA18778CHI'),
(1709,'YA18789CHI'),
(1710,'YA18800CHI'),
(1711,'YA18811CHI'),
(1712,'YA18822CHI'),
(1713,'YA18833CHI'),
(1714,'YA18844CHI'),
(1715,'YA18855CHI'),
(1716,'YA18866CHI'),
(1717,'YA18877CHI'),
(1718,'YA18888CHI'),
(1719,'YA18899CHI'),
(1720,'YA18910CHI'),
(1721,'YA18921CHI'),
(1722,'YA18932CHI'),
(1723,'YA18943CHI'),
(1724,'YA18954CHI'),
(1725,'YA18965CHI'),
(1726,'YA18976CHI'),
(1727,'YA18987CHI'),
(1728,'YA18998CHI'),
(1729,'YA19009CHI'),
(1730,'YA19020CHI'),
(1731,'YA19031CHI'),
(1732,'YA19042CHI'),
(1733,'YA19053CHI'),
(1734,'YA19064CHI'),
(1735,'YA19075CHI'),
(1736,'YA19086CHI'),
(1737,'YA19097CHI'),
(1738,'YA19108CHI'),
(1739,'YA19119CHI'),
(1740,'YA19130CHI'),
(1741,'YA19141CHI'),
(1742,'YA19152CHI'),
(1743,'YA19163CHI'),
(1744,'YA19174CHI'),
(1745,'YA19185CHI'),
(1746,'YA19196CHI'),
(1747,'YA19207CHI'),
(1748,'YA19218CHI'),
(1749,'YA19229CHI'),
(1750,'YA19240CHI'),
(1751,'YA19251CHI'),
(1752,'YA19262CHI'),
(1753,'YA19273CHI'),
(1754,'YA19284CHI'),
(1755,'YA19295CHI'),
(1756,'YA19306CHI'),
(1757,'YA19317CHI'),
(1758,'YA19328CHI'),
(1759,'YA19339CHI'),
(1760,'YA19350CHI'),
(1761,'YA19361CHI'),
(1762,'YA19372CHI'),
(1763,'YA19383CHI'),
(1764,'YA19394CHI'),
(1765,'YA19405CHI'),
(1766,'YA19416CHI'),
(1767,'YA19427CHI'),
(1768,'YA19438CHI'),
(1769,'YA19449CHI'),
(1770,'YA19460CHI'),
(1771,'YA19471CHI'),
(1772,'YA19482CHI'),
(1773,'YA19493CHI'),
(1774,'YA19504CHI'),
(1775,'YA19515CHI'),
(1776,'YA19526CHI'),
(1777,'YA19537CHI'),
(1778,'YA19548CHI'),
(1779,'YA19559CHI'),
(1780,'YA19570CHI'),
(1781,'YA19581CHI'),
(1782,'YA19592CHI'),
(1783,'YA19603CHI'),
(1784,'YA19614CHI'),
(1785,'YA19625CHI'),
(1786,'YA19636CHI'),
(1787,'YA19647CHI'),
(1788,'YA19658CHI'),
(1789,'YA19669CHI'),
(1790,'YA19680CHI'),
(1791,'YA19691CHI'),
(1792,'YA19702CHI'),
(1793,'YA19713CHI'),
(1794,'YA19724CHI'),
(1795,'YA19735CHI'),
(1796,'YA19746CHI'),
(1797,'YA19757CHI'),
(1798,'YA19768CHI'),
(1799,'YA19779CHI'),
(1800,'YA19790CHI'),
(1801,'YA19801CHI'),
(1802,'YA19812CHI'),
(1803,'YA19823CHI'),
(1804,'YA19834CHI'),
(1805,'YA19845CHI'),
(1806,'YA19856CHI'),
(1807,'YA19867CHI'),
(1808,'YA19878CHI'),
(1809,'YA19889CHI'),
(1810,'YA19900CHI'),
(1811,'YA19911CHI'),
(1812,'YA19922CHI'),
(1813,'YA19933CHI'),
(1814,'YA19944CHI'),
(1815,'YA19955CHI'),
(1816,'YA19966CHI'),
(1817,'YA19977CHI'),
(1818,'YA19988CHI'),
(1819,'YA19999CHI'),
(1820,'YA20010CHI'),
(1821,'YA20021CHI'),
(1822,'YA20032CHI'),
(1823,'YA20043CHI'),
(1824,'YA20054CHI'),
(1825,'YA20065CHI'),
(1826,'YA20076CHI'),
(1827,'YA20087CHI'),
(1828,'YA20098CHI'),
(1829,'YA20109CHI'),
(1830,'YA20120CHI'),
(1831,'YA20131CHI'),
(1832,'YA20142CHI'),
(1833,'YA20153CHI'),
(1834,'YA20164CHI'),
(1835,'YA20175CHI'),
(1836,'YA20186CHI'),
(1837,'YA20197CHI'),
(1838,'YA20208CHI'),
(1839,'YA20219CHI'),
(1840,'YA20230CHI'),
(1841,'YA20241CHI'),
(1842,'YA20252CHI'),
(1843,'YA20263CHI'),
(1844,'YA20274CHI'),
(1845,'YA20285CHI'),
(1846,'YA20296CHI'),
(1847,'YA20307CHI'),
(1848,'YA20318CHI'),
(1849,'YA20329CHI'),
(1850,'YA20340CHI'),
(1851,'YA20351CHI'),
(1852,'YA20362CHI'),
(1853,'YA20373CHI'),
(1854,'YA20384CHI'),
(1855,'YA20395CHI'),
(1856,'YA20406CHI'),
(1857,'YA20417CHI'),
(1858,'YA20428CHI'),
(1859,'YA20439CHI'),
(1860,'YA20450CHI'),
(1861,'YA20461CHI'),
(1862,'YA20472CHI'),
(1863,'YA20483CHI'),
(1864,'YA20494CHI'),
(1865,'YA20505CHI'),
(1866,'YA20516CHI'),
(1867,'YA20527CHI'),
(1868,'YA20538CHI'),
(1869,'YA20549CHI'),
(1870,'YA20560CHI'),
(1871,'YA20571CHI'),
(1872,'YA20582CHI'),
(1873,'YA20593CHI'),
(1874,'YA20604CHI'),
(1875,'YA20615CHI'),
(1876,'YA20626CHI'),
(1877,'YA20637CHI'),
(1878,'YA20648CHI'),
(1879,'YA20659CHI'),
(1880,'YA20670CHI'),
(1881,'YA20681CHI'),
(1882,'YA20692CHI'),
(1883,'YA20703CHI'),
(1884,'YA20714CHI'),
(1885,'YA20725CHI'),
(1886,'YA20736CHI'),
(1887,'YA20747CHI'),
(1888,'YA20758CHI'),
(1889,'YA20769CHI'),
(1890,'YA20780CHI'),
(1891,'YA20791CHI'),
(1892,'YA20802CHI'),
(1893,'YA20813CHI'),
(1894,'YA20824CHI'),
(1895,'YA20835CHI'),
(1896,'YA20846CHI'),
(1897,'YA20857CHI'),
(1898,'YA20868CHI'),
(1899,'YA20879CHI'),
(1900,'YA20890CHI'),
(1901,'YA20901CHI'),
(1902,'YA20912CHI'),
(1903,'YA20923CHI'),
(1904,'YA20934CHI'),
(1905,'YA20945CHI'),
(1906,'YA20956CHI'),
(1907,'YA20967CHI'),
(1908,'YA20978CHI'),
(1909,'YA20989CHI'),
(1910,'YA21000CHI'),
(1911,'YA21011CHI'),
(1912,'YA21022CHI'),
(1913,'YA21033CHI'),
(1914,'YA21044CHI'),
(1915,'YA21055CHI'),
(1916,'YA21066CHI'),
(1917,'YA21077CHI'),
(1918,'YA21088CHI'),
(1919,'YA21099CHI'),
(1920,'YA21110CHI'),
(1921,'YA21121CHI'),
(1922,'YA21132CHI'),
(1923,'YA21143CHI'),
(1924,'YA21154CHI'),
(1925,'YA21165CHI'),
(1926,'YA21176CHI'),
(1927,'YA21187CHI'),
(1928,'YA21198CHI'),
(1929,'YA21209CHI'),
(1930,'YA21220CHI'),
(1931,'YA21231CHI'),
(1932,'YA21242CHI'),
(1933,'YA21253CHI'),
(1934,'YA21264CHI'),
(1935,'YA21275CHI'),
(1936,'YA21286CHI'),
(1937,'YA21297CHI'),
(1938,'YA21308CHI'),
(1939,'YA21319CHI'),
(1940,'YA21330CHI'),
(1941,'YA21341CHI'),
(1942,'YA21352CHI'),
(1943,'YA21363CHI'),
(1944,'YA21374CHI'),
(1945,'YA21385CHI'),
(1946,'YA21396CHI'),
(1947,'YA21407CHI'),
(1948,'YA21418CHI'),
(1949,'YA21429CHI'),
(1950,'YA21440CHI'),
(1951,'YA21451CHI'),
(1952,'YA21462CHI'),
(1953,'YA21473CHI'),
(1954,'YA21484CHI'),
(1955,'YA21495CHI'),
(1956,'YA21506CHI'),
(1957,'YA21517CHI'),
(1958,'YA21528CHI'),
(1959,'YA21539CHI'),
(1960,'YA21550CHI'),
(1961,'YA21561CHI'),
(1962,'YA21572CHI'),
(1963,'YA21583CHI'),
(1964,'YA21594CHI'),
(1965,'YA21605CHI'),
(1966,'YA21616CHI'),
(1967,'YA21627CHI'),
(1968,'YA21638CHI'),
(1969,'YA21649CHI'),
(1970,'YA21660CHI'),
(1971,'YA21671CHI'),
(1972,'YA21682CHI'),
(1973,'YA21693CHI'),
(1974,'YA21704CHI'),
(1975,'YA21715CHI'),
(1976,'YA21726CHI'),
(1977,'YA21737CHI'),
(1978,'YA21748CHI'),
(1979,'YA21759CHI'),
(1980,'YA21770CHI'),
(1981,'YA21781CHI'),
(1982,'YA21792CHI'),
(1983,'YA21803CHI'),
(1984,'YA21814CHI'),
(1985,'YA21825CHI'),
(1986,'YA21836CHI'),
(1987,'YA21847CHI'),
(1988,'YA21858CHI'),
(1989,'YA21869CHI'),
(1990,'YA21880CHI'),
(1991,'YA21891CHI'),
(1992,'YA21902CHI'),
(1993,'YA21913CHI'),
(1994,'YA21924CHI'),
(1995,'YA21935CHI'),
(1996,'YA21946CHI'),
(1997,'YA21957CHI'),
(1998,'YA21968CHI'),
(1999,'YA21979CHI'),
(2000,'YA21990CHI'),
(2001,'YA22001CHI'),
(2002,'YA22012CHI'),
(2003,'YA22023CHI'),
(2004,'YA22034CHI'),
(2005,'YA22045CHI'),
(2006,'YA22056CHI'),
(2007,'YA22067CHI'),
(2008,'YA22078CHI'),
(2009,'YA22089CHI'),
(2010,'YA22100CHI'),
(2011,'YA22111CHI'),
(2012,'YA22122CHI'),
(2013,'YA22133CHI'),
(2014,'YA22144CHI'),
(2015,'YA22155CHI'),
(2016,'YA22166CHI'),
(2017,'YA22177CHI'),
(2018,'YA22188CHI'),
(2019,'YA22199CHI'),
(2020,'YA22210CHI'),
(2021,'YA22221CHI'),
(2022,'YA22232CHI'),
(2023,'YA22243CHI'),
(2024,'YA22254CHI'),
(2025,'YA22265CHI'),
(2026,'YA22276CHI'),
(2027,'YA22287CHI'),
(2028,'YA22298CHI'),
(2029,'YA22309CHI'),
(2030,'YA22320CHI'),
(2031,'YA22331CHI'),
(2032,'YA22342CHI'),
(2033,'YA22353CHI'),
(2034,'YA22364CHI'),
(2035,'YA22375CHI'),
(2036,'YA22386CHI'),
(2037,'YA22397CHI'),
(2038,'YA22408CHI'),
(2039,'YA22419CHI'),
(2040,'YA22430CHI'),
(2041,'YA22441CHI'),
(2042,'YA22452CHI'),
(2043,'YA22463CHI'),
(2044,'YA22474CHI'),
(2045,'YA22485CHI'),
(2046,'YA22496CHI'),
(2047,'YA22507CHI'),
(2048,'YA22518CHI'),
(2049,'YA22529CHI'),
(2050,'YA22540CHI'),
(2051,'YA22551CHI'),
(2052,'YA22562CHI'),
(2053,'YA22573CHI'),
(2054,'YA22584CHI'),
(2055,'YA22595CHI'),
(2056,'YA22606CHI'),
(2057,'YA22617CHI'),
(2058,'YA22628CHI'),
(2059,'YA22639CHI'),
(2060,'YA22650CHI'),
(2061,'YA22661CHI'),
(2062,'YA22672CHI'),
(2063,'YA22683CHI'),
(2064,'YA22694CHI'),
(2065,'YA22705CHI'),
(2066,'YA22716CHI'),
(2067,'YA22727CHI'),
(2068,'YA22738CHI'),
(2069,'YA22749CHI'),
(2070,'YA22760CHI'),
(2071,'YA22771CHI'),
(2072,'YA22782CHI'),
(2073,'YA22793CHI'),
(2074,'YA22804CHI'),
(2075,'YA22815CHI'),
(2076,'YA22826CHI'),
(2077,'YA22837CHI'),
(2078,'YA22848CHI'),
(2079,'YA22859CHI'),
(2080,'YA22870CHI'),
(2081,'YA22881CHI'),
(2082,'YA22892CHI'),
(2083,'YA22903CHI'),
(2084,'YA22914CHI'),
(2085,'YA22925CHI'),
(2086,'YA22936CHI'),
(2087,'YA22947CHI'),
(2088,'YA22958CHI'),
(2089,'YA22969CHI'),
(2090,'YA22980CHI'),
(2091,'YA22991CHI'),
(2092,'YA23002CHI'),
(2093,'YA23013CHI'),
(2094,'YA23024CHI'),
(2095,'YA23035CHI'),
(2096,'YA23046CHI'),
(2097,'YA23057CHI'),
(2098,'YA23068CHI'),
(2099,'YA23079CHI'),
(2100,'YA23090CHI'),
(2101,'YA23101CHI'),
(2102,'YA23112CHI'),
(2103,'YA23123CHI'),
(2104,'YA23134CHI'),
(2105,'YA23145CHI'),
(2106,'YA23156CHI'),
(2107,'YA23167CHI'),
(2108,'YA23178CHI'),
(2109,'YA23189CHI'),
(2110,'YA23200CHI'),
(2111,'YA23211CHI'),
(2112,'YA23222CHI'),
(2113,'YA23233CHI'),
(2114,'YA23244CHI'),
(2115,'YA23255CHI'),
(2116,'YA23266CHI'),
(2117,'YA23277CHI'),
(2118,'YA23288CHI'),
(2119,'YA23299CHI'),
(2120,'YA23310CHI'),
(2121,'YA23321CHI'),
(2122,'YA23332CHI'),
(2123,'YA23343CHI'),
(2124,'YA23354CHI'),
(2125,'YA23365CHI'),
(2126,'YA23376CHI'),
(2127,'YA23387CHI'),
(2128,'YA23398CHI'),
(2129,'YA23409CHI'),
(2130,'YA23420CHI'),
(2131,'YA23431CHI'),
(2132,'YA23442CHI'),
(2133,'YA23453CHI'),
(2134,'YA23464CHI'),
(2135,'YA23475CHI'),
(2136,'YA23486CHI'),
(2137,'YA23497CHI'),
(2138,'YA23508CHI'),
(2139,'YA23519CHI'),
(2140,'YA23530CHI'),
(2141,'YA23541CHI'),
(2142,'YA23552CHI'),
(2143,'YA23563CHI'),
(2144,'YA23574CHI'),
(2145,'YA23585CHI'),
(2146,'YA23596CHI'),
(2147,'YA23607CHI'),
(2148,'YA23618CHI'),
(2149,'YA23629CHI'),
(2150,'YA23640CHI'),
(2151,'YA23651CHI'),
(2152,'YA23662CHI'),
(2153,'YA23673CHI'),
(2154,'YA23684CHI'),
(2155,'YA23695CHI'),
(2156,'YA23706CHI'),
(2157,'YA23717CHI'),
(2158,'YA23728CHI'),
(2159,'YA23739CHI'),
(2160,'YA23750CHI'),
(2161,'YA23761CHI'),
(2162,'YA23772CHI'),
(2163,'YA23783CHI'),
(2164,'YA23794CHI'),
(2165,'YA23805CHI'),
(2166,'YA23816CHI'),
(2167,'YA23827CHI'),
(2168,'YA23838CHI'),
(2169,'YA23849CHI'),
(2170,'YA23860CHI'),
(2171,'YA23871CHI'),
(2172,'YA23882CHI'),
(2173,'YA23893CHI'),
(2174,'YA23904CHI'),
(2175,'YA23915CHI'),
(2176,'YA23926CHI'),
(2177,'YA23937CHI'),
(2178,'YA23948CHI'),
(2179,'YA23959CHI'),
(2180,'YA23970CHI'),
(2181,'YA23981CHI'),
(2182,'YA23992CHI'),
(2183,'YA24003CHI'),
(2184,'YA24014CHI'),
(2185,'YA24025CHI'),
(2186,'YA24036CHI'),
(2187,'YA24047CHI'),
(2188,'YA24058CHI'),
(2189,'YA24069CHI'),
(2190,'YA24080CHI'),
(2191,'YA24091CHI'),
(2192,'YA24102CHI'),
(2193,'YA24113CHI'),
(2194,'YA24124CHI'),
(2195,'YA24135CHI'),
(2196,'YA24146CHI'),
(2197,'YA24157CHI'),
(2198,'YA24168CHI'),
(2199,'YA24179CHI'),
(2200,'YA24190CHI'),
(2201,'YA24201CHI'),
(2202,'YA24212CHI'),
(2203,'YA24223CHI'),
(2204,'YA24234CHI'),
(2205,'YA24245CHI'),
(2206,'YA24256CHI'),
(2207,'YA24267CHI'),
(2208,'YA24278CHI'),
(2209,'YA24289CHI'),
(2210,'YA24300CHI'),
(2211,'YA24311CHI'),
(2212,'YA24322CHI'),
(2213,'YA24333CHI'),
(2214,'YA24344CHI'),
(2215,'YA24355CHI'),
(2216,'YA24366CHI'),
(2217,'YA24377CHI'),
(2218,'YA24388CHI'),
(2219,'YA24399CHI'),
(2220,'YA24410CHI'),
(2221,'YA24421CHI'),
(2222,'YA24432CHI'),
(2223,'YA24443CHI'),
(2224,'YA24454CHI'),
(2225,'YA24465CHI'),
(2226,'YA24476CHI'),
(2227,'YA24487CHI'),
(2228,'YA24498CHI'),
(2229,'YA24509CHI'),
(2230,'YA24520CHI'),
(2231,'YA24531CHI'),
(2232,'YA24542CHI'),
(2233,'YA24553CHI'),
(2234,'YA24564CHI'),
(2235,'YA24575CHI'),
(2236,'YA24586CHI'),
(2237,'YA24597CHI'),
(2238,'YA24608CHI'),
(2239,'YA24619CHI'),
(2240,'YA24630CHI'),
(2241,'YA24641CHI'),
(2242,'YA24652CHI'),
(2243,'YA24663CHI'),
(2244,'YA24674CHI'),
(2245,'YA24685CHI'),
(2246,'YA24696CHI'),
(2247,'YA24707CHI'),
(2248,'YA24718CHI'),
(2249,'YA24729CHI'),
(2250,'YA24740CHI'),
(2251,'YA24751CHI'),
(2252,'YA24762CHI'),
(2253,'YA24773CHI'),
(2254,'YA24784CHI'),
(2255,'YA24795CHI'),
(2256,'YA24806CHI'),
(2257,'YA24817CHI'),
(2258,'YA24828CHI'),
(2259,'YA24839CHI'),
(2260,'YA24850CHI'),
(2261,'YA24861CHI'),
(2262,'YA24872CHI'),
(2263,'YA24883CHI'),
(2264,'YA24894CHI'),
(2265,'YA24905CHI'),
(2266,'YA24916CHI'),
(2267,'YA24927CHI'),
(2268,'YA24938CHI'),
(2269,'YA24949CHI'),
(2270,'YA24960CHI'),
(2271,'YA24971CHI'),
(2272,'YA24982CHI'),
(2273,'YA24993CHI'),
(2274,'YA25004CHI'),
(2275,'YA25015CHI'),
(2276,'YA25026CHI'),
(2277,'YA25037CHI'),
(2278,'YA25048CHI'),
(2279,'YA25059CHI'),
(2280,'YA25070CHI'),
(2281,'YA25081CHI'),
(2282,'YA25092CHI'),
(2283,'YA25103CHI'),
(2284,'YA25114CHI'),
(2285,'YA25125CHI'),
(2286,'YA25136CHI'),
(2287,'YA25147CHI'),
(2288,'YA25158CHI'),
(2289,'YA25169CHI'),
(2290,'YA25180CHI'),
(2291,'YA25191CHI'),
(2292,'YA25202CHI'),
(2293,'YA25213CHI'),
(2294,'YA25224CHI'),
(2295,'YA25235CHI'),
(2296,'YA25246CHI'),
(2297,'YA25257CHI'),
(2298,'YA25268CHI'),
(2299,'YA25279CHI'),
(2300,'YA25290CHI'),
(2301,'YA25301CHI'),
(2302,'YA25312CHI'),
(2303,'YA25323CHI'),
(2304,'YA25334CHI'),
(2305,'YA25345CHI'),
(2306,'YA25356CHI'),
(2307,'YA25367CHI'),
(2308,'YA25378CHI'),
(2309,'YA25389CHI'),
(2310,'YA25400CHI'),
(2311,'YA25411CHI'),
(2312,'YA25422CHI'),
(2313,'YA25433CHI'),
(2314,'YA25444CHI'),
(2315,'YA25455CHI'),
(2316,'YA25466CHI'),
(2317,'YA25477CHI'),
(2318,'YA25488CHI'),
(2319,'YA25499CHI'),
(2320,'YA25510CHI'),
(2321,'YA25521CHI'),
(2322,'YA25532CHI'),
(2323,'YA25543CHI'),
(2324,'YA25554CHI'),
(2325,'YA25565CHI'),
(2326,'YA25576CHI'),
(2327,'YA25587CHI'),
(2328,'YA25598CHI'),
(2329,'YA25609CHI'),
(2330,'YA25620CHI'),
(2331,'YA25631CHI'),
(2332,'YA25642CHI'),
(2333,'YA25653CHI'),
(2334,'YA25664CHI'),
(2335,'YA25675CHI'),
(2336,'YA25686CHI'),
(2337,'YA25697CHI'),
(2338,'YA25708CHI'),
(2339,'YA25719CHI'),
(2340,'YA25730CHI'),
(2341,'YA25741CHI'),
(2342,'YA25752CHI'),
(2343,'YA25763CHI'),
(2344,'YA25774CHI'),
(2345,'YA25785CHI'),
(2346,'YA25796CHI'),
(2347,'YA25807CHI'),
(2348,'YA25818CHI'),
(2349,'YA25829CHI'),
(2350,'YA25840CHI'),
(2351,'YA25851CHI'),
(2352,'YA25862CHI'),
(2353,'YA25873CHI'),
(2354,'YA25884CHI'),
(2355,'YA25895CHI'),
(2356,'YA25906CHI'),
(2357,'YA25917CHI'),
(2358,'YA25928CHI'),
(2359,'YA25939CHI'),
(2360,'YA25950CHI'),
(2361,'YA25961CHI'),
(2362,'YA25972CHI'),
(2363,'YA25983CHI'),
(2364,'YA25994CHI'),
(2365,'YA26005CHI'),
(2366,'YA26016CHI'),
(2367,'YA26027CHI'),
(2368,'YA26038CHI'),
(2369,'YA26049CHI'),
(2370,'YA26060CHI'),
(2371,'YA26071CHI'),
(2372,'YA26082CHI'),
(2373,'YA26093CHI'),
(2374,'YA26104CHI'),
(2375,'YA26115CHI'),
(2376,'YA26126CHI'),
(2377,'YA26137CHI'),
(2378,'YA26148CHI'),
(2379,'YA26159CHI'),
(2380,'YA26170CHI'),
(2381,'YA26181CHI'),
(2382,'YA26192CHI'),
(2383,'YA26203CHI'),
(2384,'YA26214CHI'),
(2385,'YA26225CHI'),
(2386,'YA26236CHI'),
(2387,'YA26247CHI'),
(2388,'YA26258CHI'),
(2389,'YA26269CHI'),
(2390,'YA26280CHI'),
(2391,'YA26291CHI'),
(2392,'YA26302CHI'),
(2393,'YA26313CHI'),
(2394,'YA26324CHI'),
(2395,'YA26335CHI'),
(2396,'YA26346CHI'),
(2397,'YA26357CHI'),
(2398,'YA26368CHI'),
(2399,'YA26379CHI'),
(2400,'YA26390CHI'),
(2401,'YA26401CHI'),
(2402,'YA26412CHI'),
(2403,'YA26423CHI'),
(2404,'YA26434CHI'),
(2405,'YA26445CHI'),
(2406,'YA26456CHI'),
(2407,'YA26467CHI'),
(2408,'YA26478CHI'),
(2409,'YA26489CHI'),
(2410,'YA26500CHI'),
(2411,'YA26511CHI'),
(2412,'YA26522CHI'),
(2413,'YA26533CHI'),
(2414,'YA26544CHI'),
(2415,'YA26555CHI'),
(2416,'YA26566CHI'),
(2417,'YA26577CHI'),
(2418,'YA26588CHI'),
(2419,'YA26599CHI'),
(2420,'YA26610CHI'),
(2421,'YA26621CHI'),
(2422,'YA26632CHI'),
(2423,'YA26643CHI'),
(2424,'YA26654CHI'),
(2425,'YA26665CHI'),
(2426,'YA26676CHI'),
(2427,'YA26687CHI'),
(2428,'YA26698CHI'),
(2429,'YA26709CHI'),
(2430,'YA26720CHI'),
(2431,'YA26731CHI'),
(2432,'YA26742CHI'),
(2433,'YA26753CHI'),
(2434,'YA26764CHI'),
(2435,'YA26775CHI'),
(2436,'YA26786CHI'),
(2437,'YA26797CHI'),
(2438,'YA26808CHI'),
(2439,'YA26819CHI'),
(2440,'YA26830CHI'),
(2441,'YA26841CHI'),
(2442,'YA26852CHI'),
(2443,'YA26863CHI'),
(2444,'YA26874CHI'),
(2445,'YA26885CHI'),
(2446,'YA26896CHI'),
(2447,'YA26907CHI'),
(2448,'YA26918CHI'),
(2449,'YA26929CHI'),
(2450,'YA26940CHI'),
(2451,'YA26951CHI'),
(2452,'YA26962CHI'),
(2453,'YA26973CHI'),
(2454,'YA26984CHI'),
(2455,'YA26995CHI'),
(2456,'YA27006CHI'),
(2457,'YA27017CHI'),
(2458,'YA27028CHI'),
(2459,'YA27039CHI'),
(2460,'YA27050CHI'),
(2461,'YA27061CHI'),
(2462,'YA27072CHI'),
(2463,'YA27083CHI'),
(2464,'YA27094CHI'),
(2465,'YA27105CHI'),
(2466,'YA27116CHI'),
(2467,'YA27127CHI'),
(2468,'YA27138CHI'),
(2469,'YA27149CHI'),
(2470,'YA27160CHI'),
(2471,'YA27171CHI'),
(2472,'YA27182CHI'),
(2473,'YA27193CHI'),
(2474,'YA27204CHI'),
(2475,'YA27215CHI'),
(2476,'YA27226CHI'),
(2477,'YA27237CHI'),
(2478,'YA27248CHI'),
(2479,'YA27259CHI'),
(2480,'YA27270CHI'),
(2481,'YA27281CHI'),
(2482,'YA27292CHI'),
(2483,'YA27303CHI'),
(2484,'YA27314CHI'),
(2485,'YA27325CHI'),
(2486,'YA27336CHI'),
(2487,'YA27347CHI'),
(2488,'YA27358CHI'),
(2489,'YA27369CHI'),
(2490,'YA27380CHI'),
(2491,'YA27391CHI'),
(2492,'YA27402CHI'),
(2493,'YA27413CHI'),
(2494,'YA27424CHI'),
(2495,'YA27435CHI'),
(2496,'YA27446CHI'),
(2497,'YA27457CHI'),
(2498,'YA27468CHI'),
(2499,'YA27479CHI'),
(2500,'YA27490CHI'),
(2501,'YA27501CHI'),
(2502,'YA27512CHI'),
(2503,'YA27523CHI'),
(2504,'YA27534CHI'),
(2505,'YA27545CHI'),
(2506,'YA27556CHI'),
(2507,'YA27567CHI'),
(2508,'YA27578CHI'),
(2509,'YA27589CHI'),
(2510,'YA27600CHI'),
(2511,'YA27611CHI'),
(2512,'YA27622CHI'),
(2513,'YA27633CHI'),
(2514,'YA27644CHI'),
(2515,'YA27655CHI'),
(2516,'YA27666CHI'),
(2517,'YA27677CHI'),
(2518,'YA27688CHI'),
(2519,'YA27699CHI'),
(2520,'YA27710CHI'),
(2521,'YA27721CHI'),
(2522,'YA27732CHI'),
(2523,'YA27743CHI'),
(2524,'YA27754CHI'),
(2525,'YA27765CHI'),
(2526,'YA27776CHI'),
(2527,'YA27787CHI'),
(2528,'YA27798CHI'),
(2529,'YA27809CHI'),
(2530,'YA27820CHI'),
(2531,'YA27831CHI'),
(2532,'YA27842CHI'),
(2533,'YA27853CHI'),
(2534,'YA27864CHI'),
(2535,'YA27875CHI'),
(2536,'YA27886CHI'),
(2537,'YA27897CHI'),
(2538,'YA27908CHI'),
(2539,'YA27919CHI'),
(2540,'YA27930CHI'),
(2541,'YA27941CHI'),
(2542,'YA27952CHI'),
(2543,'YA27963CHI'),
(2544,'YA27974CHI'),
(2545,'YA27985CHI'),
(2546,'YA27996CHI'),
(2547,'YA28007CHI'),
(2548,'YA28018CHI'),
(2549,'YA28029CHI'),
(2550,'YA28040CHI'),
(2551,'YA28051CHI'),
(2552,'YA28062CHI'),
(2553,'YA28073CHI'),
(2554,'YA28084CHI'),
(2555,'YA28095CHI'),
(2556,'YA28106CHI'),
(2557,'YA28117CHI'),
(2558,'YA28128CHI'),
(2559,'YA28139CHI'),
(2560,'YA28150CHI'),
(2561,'YA28161CHI'),
(2562,'YA28172CHI'),
(2563,'YA28183CHI'),
(2564,'YA28194CHI'),
(2565,'YA28205CHI'),
(2566,'YA28216CHI'),
(2567,'YA28227CHI'),
(2568,'YA28238CHI'),
(2569,'YA28249CHI'),
(2570,'YA28260CHI'),
(2571,'YA28271CHI'),
(2572,'YA28282CHI'),
(2573,'YA28293CHI'),
(2574,'YA28304CHI'),
(2575,'YA28315CHI'),
(2576,'YA28326CHI'),
(2577,'YA28337CHI'),
(2578,'YA28348CHI'),
(2579,'YA28359CHI'),
(2580,'YA28370CHI'),
(2581,'YA28381CHI'),
(2582,'YA28392CHI'),
(2583,'YA28403CHI'),
(2584,'YA28414CHI'),
(2585,'YA28425CHI'),
(2586,'YA28436CHI'),
(2587,'YA28447CHI'),
(2588,'YA28458CHI'),
(2589,'YA28469CHI'),
(2590,'YA28480CHI'),
(2591,'YA28491CHI'),
(2592,'YA28502CHI'),
(2593,'YA28513CHI'),
(2594,'YA28524CHI'),
(2595,'YA28535CHI'),
(2596,'YA28546CHI'),
(2597,'YA28557CHI'),
(2598,'YA28568CHI'),
(2599,'YA28579CHI'),
(2600,'YA28590CHI'),
(2601,'YA28601CHI'),
(2602,'YA28612CHI'),
(2603,'YA28623CHI'),
(2604,'YA28634CHI'),
(2605,'YA28645CHI'),
(2606,'YA28656CHI'),
(2607,'YA28667CHI'),
(2608,'YA28678CHI'),
(2609,'YA28689CHI'),
(2610,'YA28700CHI'),
(2611,'YA28711CHI'),
(2612,'YA28722CHI'),
(2613,'YA28733CHI'),
(2614,'YA28744CHI'),
(2615,'YA28755CHI'),
(2616,'YA28766CHI'),
(2617,'YA28777CHI'),
(2618,'YA28788CHI'),
(2619,'YA28799CHI'),
(2620,'YA28810CHI'),
(2621,'YA28821CHI'),
(2622,'YA28832CHI'),
(2623,'YA28843CHI'),
(2624,'YA28854CHI'),
(2625,'YA28865CHI'),
(2626,'YA28876CHI'),
(2627,'YA28887CHI'),
(2628,'YA28898CHI'),
(2629,'YA28909CHI'),
(2630,'YA28920CHI'),
(2631,'YA28931CHI'),
(2632,'YA28942CHI'),
(2633,'YA28953CHI'),
(2634,'YA28964CHI'),
(2635,'YA28975CHI'),
(2636,'YA28986CHI'),
(2637,'YA28997CHI'),
(2638,'YA29008CHI'),
(2639,'YA29019CHI'),
(2640,'YA29030CHI'),
(2641,'YA29041CHI'),
(2642,'YA29052CHI'),
(2643,'YA29063CHI'),
(2644,'YA29074CHI'),
(2645,'YA29085CHI'),
(2646,'YA29096CHI'),
(2647,'YA29107CHI'),
(2648,'YA29118CHI'),
(2649,'YA29129CHI'),
(2650,'YA29140CHI'),
(2651,'YA29151CHI'),
(2652,'YA29162CHI'),
(2653,'YA29173CHI'),
(2654,'YA29184CHI'),
(2655,'YA29195CHI'),
(2656,'YA29206CHI'),
(2657,'YA29217CHI'),
(2658,'YA29228CHI'),
(2659,'YA29239CHI'),
(2660,'YA29250CHI'),
(2661,'YA29261CHI'),
(2662,'YA29272CHI'),
(2663,'YA29283CHI'),
(2664,'YA29294CHI'),
(2665,'YA29305CHI'),
(2666,'YA29316CHI'),
(2667,'YA29327CHI'),
(2668,'YA29338CHI'),
(2669,'YA29349CHI'),
(2670,'YA29360CHI'),
(2671,'YA29371CHI'),
(2672,'YA29382CHI'),
(2673,'YA29393CHI'),
(2674,'YA29404CHI'),
(2675,'YA29415CHI'),
(2676,'YA29426CHI'),
(2677,'YA29437CHI'),
(2678,'YA29448CHI'),
(2679,'YA29459CHI'),
(2680,'YA29470CHI'),
(2681,'YA29481CHI'),
(2682,'YA29492CHI'),
(2683,'YA29503CHI'),
(2684,'YA29514CHI'),
(2685,'YA29525CHI'),
(2686,'YA29536CHI'),
(2687,'YA29547CHI'),
(2688,'YA29558CHI'),
(2689,'YA29569CHI'),
(2690,'YA29580CHI'),
(2691,'YA29591CHI'),
(2692,'YA29602CHI'),
(2693,'YA29613CHI'),
(2694,'YA29624CHI'),
(2695,'YA29635CHI'),
(2696,'YA29646CHI'),
(2697,'YA29657CHI'),
(2698,'YA29668CHI'),
(2699,'YA29679CHI'),
(2700,'YA29690CHI'),
(2701,'YA29701CHI'),
(2702,'YA29712CHI'),
(2703,'YA29723CHI'),
(2704,'YA29734CHI'),
(2705,'YA29745CHI'),
(2706,'YA29756CHI'),
(2707,'YA29767CHI'),
(2708,'YA29778CHI'),
(2709,'YA29789CHI'),
(2710,'YA29800CHI'),
(2711,'YA29811CHI'),
(2712,'YA29822CHI'),
(2713,'YA29833CHI'),
(2714,'YA29844CHI'),
(2715,'YA29855CHI'),
(2716,'YA29866CHI'),
(2717,'YA29877CHI'),
(2718,'YA29888CHI'),
(2719,'YA29899CHI'),
(2720,'YA29910CHI'),
(2721,'YA29921CHI'),
(2722,'YA29932CHI'),
(2723,'YA29943CHI'),
(2724,'YA29954CHI'),
(2725,'YA29965CHI'),
(2726,'YA29976CHI'),
(2727,'YA29987CHI'),
(2728,'YA29998CHI'),
(2729,'YA30009CHI'),
(2730,'YA30020CHI'),
(2731,'YA30031CHI'),
(2732,'YA30042CHI'),
(2733,'YA30053CHI'),
(2734,'YA30064CHI'),
(2735,'YA30075CHI'),
(2736,'YA30086CHI'),
(2737,'YA30097CHI'),
(2738,'YA30108CHI'),
(2739,'YA30119CHI'),
(2740,'YA30130CHI'),
(2741,'YA30141CHI'),
(2742,'YA30152CHI'),
(2743,'YA30163CHI'),
(2744,'YA30174CHI'),
(2745,'YA30185CHI'),
(2746,'YA30196CHI'),
(2747,'YA30207CHI'),
(2748,'YA30218CHI'),
(2749,'YA30229CHI'),
(2750,'YA30240CHI'),
(2751,'YA30251CHI'),
(2752,'YA30262CHI'),
(2753,'YA30273CHI'),
(2754,'YA30284CHI'),
(2755,'YA30295CHI'),
(2756,'YA30306CHI'),
(2757,'YA30317CHI'),
(2758,'YA30328CHI'),
(2759,'YA30339CHI'),
(2760,'YA30350CHI'),
(2761,'YA30361CHI'),
(2762,'YA30372CHI'),
(2763,'YA30383CHI'),
(2764,'YA30394CHI'),
(2765,'YA30405CHI'),
(2766,'YA30416CHI'),
(2767,'YA30427CHI'),
(2768,'YA30438CHI'),
(2769,'YA30449CHI'),
(2770,'YA30460CHI'),
(2771,'YA30471CHI'),
(2772,'YA30482CHI'),
(2773,'YA30493CHI'),
(2774,'YA30504CHI'),
(2775,'YA30515CHI'),
(2776,'YA30526CHI'),
(2777,'YA30537CHI'),
(2778,'YA30548CHI'),
(2779,'YA30559CHI'),
(2780,'YA30570CHI'),
(2781,'YA30581CHI'),
(2782,'YA30592CHI'),
(2783,'YA30603CHI'),
(2784,'YA30614CHI'),
(2785,'YA30625CHI'),
(2786,'YA30636CHI'),
(2787,'YA30647CHI'),
(2788,'YA30658CHI'),
(2789,'YA30669CHI'),
(2790,'YA30680CHI'),
(2791,'YA30691CHI'),
(2792,'YA30702CHI'),
(2793,'YA30713CHI'),
(2794,'YA30724CHI'),
(2795,'YA30735CHI'),
(2796,'YA30746CHI'),
(2797,'YA30757CHI'),
(2798,'YA30768CHI'),
(2799,'YA30779CHI'),
(2800,'YA30790CHI'),
(2801,'YA30801CHI'),
(2802,'YA30812CHI'),
(2803,'YA30823CHI'),
(2804,'YA30834CHI'),
(2805,'YA30845CHI'),
(2806,'YA30856CHI'),
(2807,'YA30867CHI'),
(2808,'YA30878CHI'),
(2809,'YA30889CHI'),
(2810,'YA30900CHI'),
(2811,'YA30911CHI'),
(2812,'YA30922CHI'),
(2813,'YA30933CHI'),
(2814,'YA30944CHI'),
(2815,'YA30955CHI'),
(2816,'YA30966CHI'),
(2817,'YA30977CHI'),
(2818,'YA30988CHI'),
(2819,'YA30999CHI'),
(2820,'YA31010CHI'),
(2821,'YA31021CHI'),
(2822,'YA31032CHI'),
(2823,'YA31043CHI'),
(2824,'YA31054CHI'),
(2825,'YA31065CHI'),
(2826,'YA31076CHI'),
(2827,'YA31087CHI'),
(2828,'YA31098CHI'),
(2829,'YA31109CHI'),
(2830,'YA31120CHI'),
(2831,'YA31131CHI'),
(2832,'YA31142CHI'),
(2833,'YA31153CHI'),
(2834,'YA31164CHI'),
(2835,'YA31175CHI'),
(2836,'YA31186CHI'),
(2837,'YA31197CHI'),
(2838,'YA31208CHI'),
(2839,'YA31219CHI'),
(2840,'YA31230CHI'),
(2841,'YA31241CHI'),
(2842,'YA31252CHI'),
(2843,'YA31263CHI'),
(2844,'YA31274CHI'),
(2845,'YA31285CHI'),
(2846,'YA31296CHI'),
(2847,'YA31307CHI'),
(2848,'YA31318CHI'),
(2849,'YA31329CHI'),
(2850,'YA31340CHI'),
(2851,'YA31351CHI'),
(2852,'YA31362CHI'),
(2853,'YA31373CHI'),
(2854,'YA31384CHI'),
(2855,'YA31395CHI'),
(2856,'YA31406CHI'),
(2857,'YA31417CHI'),
(2858,'YA31428CHI'),
(2859,'YA31439CHI'),
(2860,'YA31450CHI'),
(2861,'YA31461CHI'),
(2862,'YA31472CHI'),
(2863,'YA31483CHI'),
(2864,'YA31494CHI'),
(2865,'YA31505CHI'),
(2866,'YA31516CHI'),
(2867,'YA31527CHI'),
(2868,'YA31538CHI'),
(2869,'YA31549CHI'),
(2870,'YA31560CHI'),
(2871,'YA31571CHI'),
(2872,'YA31582CHI'),
(2873,'YA31593CHI'),
(2874,'YA31604CHI'),
(2875,'YA31615CHI'),
(2876,'YA31626CHI'),
(2877,'YA31637CHI'),
(2878,'YA31648CHI'),
(2879,'YA31659CHI'),
(2880,'YA31670CHI'),
(2881,'YA31681CHI'),
(2882,'YA31692CHI'),
(2883,'YA31703CHI'),
(2884,'YA31714CHI'),
(2885,'YA31725CHI'),
(2886,'YA31736CHI'),
(2887,'YA31747CHI'),
(2888,'YA31758CHI'),
(2889,'YA31769CHI'),
(2890,'YA31780CHI'),
(2891,'YA31791CHI'),
(2892,'YA31802CHI'),
(2893,'YA31813CHI'),
(2894,'YA31824CHI'),
(2895,'YA31835CHI'),
(2896,'YA31846CHI'),
(2897,'YA31857CHI'),
(2898,'YA31868CHI'),
(2899,'YA31879CHI'),
(2900,'YA31890CHI'),
(2901,'YA31901CHI'),
(2902,'YA31912CHI'),
(2903,'YA31923CHI'),
(2904,'YA31934CHI'),
(2905,'YA31945CHI'),
(2906,'YA31956CHI'),
(2907,'YA31967CHI'),
(2908,'YA31978CHI'),
(2909,'YA31989CHI'),
(2910,'YA32000CHI'),
(2911,'YA32011CHI'),
(2912,'YA32022CHI'),
(2913,'YA32033CHI'),
(2914,'YA32044CHI'),
(2915,'YA32055CHI'),
(2916,'YA32066CHI'),
(2917,'YA32077CHI'),
(2918,'YA32088CHI'),
(2919,'YA32099CHI'),
(2920,'YA32110CHI'),
(2921,'YA32121CHI'),
(2922,'YA32132CHI'),
(2923,'YA32143CHI'),
(2924,'YA32154CHI'),
(2925,'YA32165CHI'),
(2926,'YA32176CHI'),
(2927,'YA32187CHI'),
(2928,'YA32198CHI'),
(2929,'YA32209CHI'),
(2930,'YA32220CHI'),
(2931,'YA32231CHI'),
(2932,'YA32242CHI'),
(2933,'YA32253CHI'),
(2934,'YA32264CHI'),
(2935,'YA32275CHI'),
(2936,'YA32286CHI'),
(2937,'YA32297CHI'),
(2938,'YA32308CHI'),
(2939,'YA32319CHI'),
(2940,'YA32330CHI'),
(2941,'YA32341CHI'),
(2942,'YA32352CHI'),
(2943,'YA32363CHI'),
(2944,'YA32374CHI'),
(2945,'YA32385CHI'),
(2946,'YA32396CHI'),
(2947,'YA32407CHI'),
(2948,'YA32418CHI'),
(2949,'YA32429CHI'),
(2950,'YA32440CHI'),
(2951,'YA32451CHI'),
(2952,'YA32462CHI'),
(2953,'YA32473CHI'),
(2954,'YA32484CHI'),
(2955,'YA32495CHI'),
(2956,'YA32506CHI'),
(2957,'YA32517CHI'),
(2958,'YA32528CHI'),
(2959,'YA32539CHI'),
(2960,'YA32550CHI'),
(2961,'YA32561CHI'),
(2962,'YA32572CHI'),
(2963,'YA32583CHI'),
(2964,'YA32594CHI'),
(2965,'YA32605CHI'),
(2966,'YA32616CHI'),
(2967,'YA32627CHI'),
(2968,'YA32638CHI'),
(2969,'YA32649CHI'),
(2970,'YA32660CHI'),
(2971,'YA32671CHI'),
(2972,'YA32682CHI'),
(2973,'YA32693CHI'),
(2974,'YA32704CHI'),
(2975,'YA32715CHI'),
(2976,'YA32726CHI'),
(2977,'YA32737CHI'),
(2978,'YA32748CHI'),
(2979,'YA32759CHI'),
(2980,'YA32770CHI'),
(2981,'YA32781CHI'),
(2982,'YA32792CHI'),
(2983,'YA32803CHI'),
(2984,'YA32814CHI'),
(2985,'YA32825CHI'),
(2986,'YA32836CHI'),
(2987,'YA32847CHI'),
(2988,'YA32858CHI'),
(2989,'YA32869CHI'),
(2990,'YA32880CHI'),
(2991,'YA32891CHI'),
(2992,'YA32902CHI'),
(2993,'YA32913CHI'),
(2994,'YA32924CHI'),
(2995,'YA32935CHI'),
(2996,'YA32946CHI'),
(2997,'YA32957CHI'),
(2998,'YA32968CHI'),
(2999,'YA32979CHI'),
(3000,'YA32990CHI'),
(3001,'YA33001CHI'),
(3002,'YA33012CHI'),
(3003,'YA33023CHI'),
(3004,'YA33034CHI'),
(3005,'YA33045CHI'),
(3006,'YA33056CHI'),
(3007,'YA33067CHI'),
(3008,'YA33078CHI'),
(3009,'YA33089CHI'),
(3010,'YA33100CHI'),
(3011,'YA33111CHI'),
(3012,'YA33122CHI'),
(3013,'YA33133CHI'),
(3014,'YA33144CHI'),
(3015,'YA33155CHI'),
(3016,'YA33166CHI'),
(3017,'YA33177CHI'),
(3018,'YA33188CHI'),
(3019,'YA33199CHI'),
(3020,'YA33210CHI'),
(3021,'YA33221CHI'),
(3022,'YA33232CHI'),
(3023,'YA33243CHI'),
(3024,'YA33254CHI'),
(3025,'YA33265CHI'),
(3026,'YA33276CHI'),
(3027,'YA33287CHI'),
(3028,'YA33298CHI'),
(3029,'YA33309CHI'),
(3030,'YA33320CHI'),
(3031,'YA33331CHI'),
(3032,'YA33342CHI'),
(3033,'YA33353CHI'),
(3034,'YA33364CHI'),
(3035,'YA33375CHI'),
(3036,'YA33386CHI'),
(3037,'YA33397CHI'),
(3038,'YA33408CHI'),
(3039,'YA33419CHI'),
(3040,'YA33430CHI'),
(3041,'YA33441CHI'),
(3042,'YA33452CHI'),
(3043,'YA33463CHI'),
(3044,'YA33474CHI'),
(3045,'YA33485CHI'),
(3046,'YA33496CHI'),
(3047,'YA33507CHI'),
(3048,'YA33518CHI'),
(3049,'YA33529CHI'),
(3050,'YA33540CHI'),
(3051,'YA33551CHI'),
(3052,'YA33562CHI'),
(3053,'YA33573CHI'),
(3054,'YA33584CHI'),
(3055,'YA33595CHI'),
(3056,'YA33606CHI'),
(3057,'YA33617CHI'),
(3058,'YA33628CHI'),
(3059,'YA33639CHI'),
(3060,'YA33650CHI'),
(3061,'YA33661CHI'),
(3062,'YA33672CHI'),
(3063,'YA33683CHI'),
(3064,'YA33694CHI'),
(3065,'YA33705CHI'),
(3066,'YA33716CHI'),
(3067,'YA33727CHI'),
(3068,'YA33738CHI'),
(3069,'YA33749CHI'),
(3070,'YA33760CHI'),
(3071,'YA33771CHI'),
(3072,'YA33782CHI'),
(3073,'YA33793CHI'),
(3074,'YA33804CHI'),
(3075,'YA33815CHI'),
(3076,'YA33826CHI'),
(3077,'YA33837CHI'),
(3078,'YA33848CHI'),
(3079,'YA33859CHI'),
(3080,'YA33870CHI'),
(3081,'YA33881CHI'),
(3082,'YA33892CHI'),
(3083,'YA33903CHI'),
(3084,'YA33914CHI'),
(3085,'YA33925CHI'),
(3086,'YA33936CHI'),
(3087,'YA33947CHI'),
(3088,'YA33958CHI'),
(3089,'YA33969CHI'),
(3090,'YA33980CHI'),
(3091,'YA33991CHI'),
(3092,'YA34002CHI'),
(3093,'YA34013CHI'),
(3094,'YA34024CHI'),
(3095,'YA34035CHI'),
(3096,'YA34046CHI'),
(3097,'YA34057CHI'),
(3098,'YA34068CHI'),
(3099,'YA34079CHI'),
(3100,'YA34090CHI'),
(3101,'YA34101CHI'),
(3102,'YA34112CHI'),
(3103,'YA34123CHI'),
(3104,'YA34134CHI'),
(3105,'YA34145CHI'),
(3106,'YA34156CHI'),
(3107,'YA34167CHI'),
(3108,'YA34178CHI'),
(3109,'YA34189CHI'),
(3110,'YA34200CHI'),
(3111,'YA34211CHI'),
(3112,'YA34222CHI'),
(3113,'YA34233CHI'),
(3114,'YA34244CHI'),
(3115,'YA34255CHI'),
(3116,'YA34266CHI'),
(3117,'YA34277CHI'),
(3118,'YA34288CHI'),
(3119,'YA34299CHI'),
(3120,'YA34310CHI'),
(3121,'YA34321CHI'),
(3122,'YA34332CHI'),
(3123,'YA34343CHI'),
(3124,'YA34354CHI'),
(3125,'YA34365CHI'),
(3126,'YA34376CHI'),
(3127,'YA34387CHI'),
(3128,'YA34398CHI'),
(3129,'YA34409CHI'),
(3130,'YA34420CHI'),
(3131,'YA34431CHI'),
(3132,'YA34442CHI'),
(3133,'YA34453CHI'),
(3134,'YA34464CHI'),
(3135,'YA34475CHI'),
(3136,'YA34486CHI'),
(3137,'YA34497CHI'),
(3138,'YA34508CHI'),
(3139,'YA34519CHI'),
(3140,'YA34530CHI'),
(3141,'YA34541CHI'),
(3142,'YA34552CHI'),
(3143,'YA34563CHI'),
(3144,'YA34574CHI'),
(3145,'YA34585CHI'),
(3146,'YA34596CHI'),
(3147,'YA34607CHI'),
(3148,'YA34618CHI'),
(3149,'YA34629CHI'),
(3150,'YA34640CHI'),
(3151,'YA34651CHI'),
(3152,'YA34662CHI'),
(3153,'YA34673CHI'),
(3154,'YA34684CHI'),
(3155,'YA34695CHI'),
(3156,'YA34706CHI'),
(3157,'YA34717CHI'),
(3158,'YA34728CHI'),
(3159,'YA34739CHI'),
(3160,'YA34750CHI'),
(3161,'YA34761CHI'),
(3162,'YA34772CHI'),
(3163,'YA34783CHI'),
(3164,'YA34794CHI'),
(3165,'YA34805CHI'),
(3166,'YA34816CHI'),
(3167,'YA34827CHI'),
(3168,'YA34838CHI'),
(3169,'YA34849CHI'),
(3170,'YA34860CHI'),
(3171,'YA34871CHI'),
(3172,'YA34882CHI'),
(3173,'YA34893CHI'),
(3174,'YA34904CHI'),
(3175,'YA34915CHI'),
(3176,'YA34926CHI'),
(3177,'YA34937CHI'),
(3178,'YA34948CHI'),
(3179,'YA34959CHI'),
(3180,'YA34970CHI'),
(3181,'YA34981CHI'),
(3182,'YA34992CHI'),
(3183,'YA35003CHI'),
(3184,'YA35014CHI'),
(3185,'YA35025CHI'),
(3186,'YA35036CHI'),
(3187,'YA35047CHI'),
(3188,'YA35058CHI'),
(3189,'YA35069CHI'),
(3190,'YA35080CHI'),
(3191,'YA35091CHI'),
(3192,'YA35102CHI'),
(3193,'YA35113CHI'),
(3194,'YA35124CHI'),
(3195,'YA35135CHI'),
(3196,'YA35146CHI'),
(3197,'YA35157CHI'),
(3198,'YA35168CHI'),
(3199,'YA35179CHI'),
(3200,'YA35190CHI'),
(3201,'YA35201CHI'),
(3202,'YA35212CHI'),
(3203,'YA35223CHI'),
(3204,'YA35234CHI'),
(3205,'YA35245CHI'),
(3206,'YA35256CHI'),
(3207,'YA35267CHI'),
(3208,'YA35278CHI'),
(3209,'YA35289CHI'),
(3210,'YA35300CHI'),
(3211,'YA35311CHI'),
(3212,'YA35322CHI'),
(3213,'YA35333CHI'),
(3214,'YA35344CHI'),
(3215,'YA35355CHI'),
(3216,'YA35366CHI'),
(3217,'YA35377CHI'),
(3218,'YA35388CHI'),
(3219,'YA35399CHI'),
(3220,'YA35410CHI'),
(3221,'YA35421CHI'),
(3222,'YA35432CHI'),
(3223,'YA35443CHI'),
(3224,'YA35454CHI'),
(3225,'YA35465CHI'),
(3226,'YA35476CHI'),
(3227,'YA35487CHI'),
(3228,'YA35498CHI'),
(3229,'YA35509CHI'),
(3230,'YA35520CHI'),
(3231,'YA35531CHI'),
(3232,'YA35542CHI'),
(3233,'YA35553CHI'),
(3234,'YA35564CHI'),
(3235,'YA35575CHI'),
(3236,'YA35586CHI'),
(3237,'YA35597CHI'),
(3238,'YA35608CHI'),
(3239,'YA35619CHI'),
(3240,'YA35630CHI'),
(3241,'YA35641CHI'),
(3242,'YA35652CHI'),
(3243,'YA35663CHI'),
(3244,'YA35674CHI'),
(3245,'YA35685CHI'),
(3246,'YA35696CHI'),
(3247,'YA35707CHI'),
(3248,'YA35718CHI'),
(3249,'YA35729CHI'),
(3250,'YA35740CHI'),
(3251,'YA35751CHI'),
(3252,'YA35762CHI'),
(3253,'YA35773CHI'),
(3254,'YA35784CHI'),
(3255,'YA35795CHI'),
(3256,'YA35806CHI'),
(3257,'YA35817CHI'),
(3258,'YA35828CHI'),
(3259,'YA35839CHI'),
(3260,'YA35850CHI'),
(3261,'YA35861CHI'),
(3262,'YA35872CHI'),
(3263,'YA35883CHI'),
(3264,'YA35894CHI'),
(3265,'YA35905CHI'),
(3266,'YA35916CHI'),
(3267,'YA35927CHI'),
(3268,'YA35938CHI'),
(3269,'YA35949CHI'),
(3270,'YA35960CHI'),
(3271,'YA35971CHI'),
(3272,'YA35982CHI'),
(3273,'YA35993CHI'),
(3274,'YA36004CHI'),
(3275,'YA36015CHI'),
(3276,'YA36026CHI'),
(3277,'YA36037CHI'),
(3278,'YA36048CHI'),
(3279,'YA36059CHI'),
(3280,'YA36070CHI'),
(3281,'YA36081CHI'),
(3282,'YA36092CHI'),
(3283,'YA36103CHI'),
(3284,'YA36114CHI'),
(3285,'YA36125CHI'),
(3286,'YA36136CHI'),
(3287,'YA36147CHI'),
(3288,'YA36158CHI'),
(3289,'YA36169CHI'),
(3290,'YA36180CHI'),
(3291,'YA36191CHI'),
(3292,'YA36202CHI'),
(3293,'YA36213CHI'),
(3294,'YA36224CHI'),
(3295,'YA36235CHI'),
(3296,'YA36246CHI'),
(3297,'YA36257CHI'),
(3298,'YA36268CHI'),
(3299,'YA36279CHI'),
(3300,'YA36290CHI'),
(3301,'YA36301CHI'),
(3302,'YA36312CHI'),
(3303,'YA36323CHI'),
(3304,'YA36334CHI'),
(3305,'YA36345CHI'),
(3306,'YA36356CHI'),
(3307,'YA36367CHI'),
(3308,'YA36378CHI'),
(3309,'YA36389CHI'),
(3310,'YA36400CHI'),
(3311,'YA36411CHI'),
(3312,'YA36422CHI'),
(3313,'YA36433CHI'),
(3314,'YA36444CHI'),
(3315,'YA36455CHI'),
(3316,'YA36466CHI'),
(3317,'YA36477CHI'),
(3318,'YA36488CHI'),
(3319,'YA36499CHI'),
(3320,'YA36510CHI'),
(3321,'YA36521CHI'),
(3322,'YA36532CHI'),
(3323,'YA36543CHI'),
(3324,'YA36554CHI'),
(3325,'YA36565CHI'),
(3326,'YA36576CHI'),
(3327,'YA36587CHI'),
(3328,'YA36598CHI'),
(3329,'YA36609CHI'),
(3330,'YA36620CHI'),
(3331,'YA36631CHI'),
(3332,'YA36642CHI'),
(3333,'YA36653CHI'),
(3334,'YA36664CHI'),
(3335,'YA36675CHI'),
(3336,'YA36686CHI'),
(3337,'YA36697CHI'),
(3338,'YA36708CHI'),
(3339,'YA36719CHI'),
(3340,'YA36730CHI'),
(3341,'YA36741CHI'),
(3342,'YA36752CHI'),
(3343,'YA36763CHI'),
(3344,'YA36774CHI'),
(3345,'YA36785CHI'),
(3346,'YA36796CHI'),
(3347,'YA36807CHI'),
(3348,'YA36818CHI'),
(3349,'YA36829CHI'),
(3350,'YA36840CHI'),
(3351,'YA36851CHI'),
(3352,'YA36862CHI'),
(3353,'YA36873CHI'),
(3354,'YA36884CHI'),
(3355,'YA36895CHI'),
(3356,'YA36906CHI'),
(3357,'YA36917CHI'),
(3358,'YA36928CHI'),
(3359,'YA36939CHI'),
(3360,'YA36950CHI'),
(3361,'YA36961CHI'),
(3362,'YA36972CHI'),
(3363,'YA36983CHI'),
(3364,'YA36994CHI'),
(3365,'YA37005CHI'),
(3366,'YA37016CHI'),
(3367,'YA37027CHI'),
(3368,'YA37038CHI'),
(3369,'YA37049CHI'),
(3370,'YA37060CHI'),
(3371,'YA37071CHI'),
(3372,'YA37082CHI'),
(3373,'YA37093CHI'),
(3374,'YA37104CHI'),
(3375,'YA37115CHI'),
(3376,'YA37126CHI'),
(3377,'YA37137CHI'),
(3378,'YA37148CHI'),
(3379,'YA37159CHI'),
(3380,'YA37170CHI'),
(3381,'YA37181CHI'),
(3382,'YA37192CHI'),
(3383,'YA37203CHI'),
(3384,'YA37214CHI'),
(3385,'YA37225CHI'),
(3386,'YA37236CHI'),
(3387,'YA37247CHI'),
(3388,'YA37258CHI'),
(3389,'YA37269CHI'),
(3390,'YA37280CHI'),
(3391,'YA37291CHI'),
(3392,'YA37302CHI'),
(3393,'YA37313CHI'),
(3394,'YA37324CHI'),
(3395,'YA37335CHI'),
(3396,'YA37346CHI'),
(3397,'YA37357CHI'),
(3398,'YA37368CHI'),
(3399,'YA37379CHI'),
(3400,'YA37390CHI'),
(3401,'YA37401CHI'),
(3402,'YA37412CHI'),
(3403,'YA37423CHI'),
(3404,'YA37434CHI'),
(3405,'YA37445CHI'),
(3406,'YA37456CHI'),
(3407,'YA37467CHI'),
(3408,'YA37478CHI'),
(3409,'YA37489CHI'),
(3410,'YA37500CHI'),
(3411,'YA37511CHI'),
(3412,'YA37522CHI'),
(3413,'YA37533CHI'),
(3414,'YA37544CHI'),
(3415,'YA37555CHI'),
(3416,'YA37566CHI'),
(3417,'YA37577CHI'),
(3418,'YA37588CHI'),
(3419,'YA37599CHI'),
(3420,'YA37610CHI'),
(3421,'YA37621CHI'),
(3422,'YA37632CHI'),
(3423,'YA37643CHI'),
(3424,'YA37654CHI'),
(3425,'YA37665CHI'),
(3426,'YA37676CHI'),
(3427,'YA37687CHI'),
(3428,'YA37698CHI'),
(3429,'YA37709CHI'),
(3430,'YA37720CHI'),
(3431,'YA37731CHI'),
(3432,'YA37742CHI'),
(3433,'YA37753CHI'),
(3434,'YA37764CHI'),
(3435,'YA37775CHI'),
(3436,'YA37786CHI'),
(3437,'YA37797CHI'),
(3438,'YA37808CHI'),
(3439,'YA37819CHI'),
(3440,'YA37830CHI'),
(3441,'YA37841CHI'),
(3442,'YA37852CHI'),
(3443,'YA37863CHI'),
(3444,'YA37874CHI'),
(3445,'YA37885CHI'),
(3446,'YA37896CHI'),
(3447,'YA37907CHI'),
(3448,'YA37918CHI'),
(3449,'YA37929CHI'),
(3450,'YA37940CHI'),
(3451,'YA37951CHI'),
(3452,'YA37962CHI'),
(3453,'YA37973CHI'),
(3454,'YA37984CHI'),
(3455,'YA37995CHI'),
(3456,'YA38006CHI'),
(3457,'YA38017CHI'),
(3458,'YA38028CHI'),
(3459,'YA38039CHI'),
(3460,'YA38050CHI'),
(3461,'YA38061CHI'),
(3462,'YA38072CHI'),
(3463,'YA38083CHI'),
(3464,'YA38094CHI'),
(3465,'YA38105CHI'),
(3466,'YA38116CHI'),
(3467,'YA38127CHI'),
(3468,'YA38138CHI'),
(3469,'YA38149CHI'),
(3470,'YA38160CHI'),
(3471,'YA38171CHI'),
(3472,'YA38182CHI'),
(3473,'YA38193CHI'),
(3474,'YA38204CHI'),
(3475,'YA38215CHI'),
(3476,'YA38226CHI'),
(3477,'YA38237CHI'),
(3478,'YA38248CHI'),
(3479,'YA38259CHI'),
(3480,'YA38270CHI'),
(3481,'YA38281CHI'),
(3482,'YA38292CHI'),
(3483,'YA38303CHI'),
(3484,'YA38314CHI'),
(3485,'YA38325CHI'),
(3486,'YA38336CHI'),
(3487,'YA38347CHI'),
(3488,'YA38358CHI'),
(3489,'YA38369CHI'),
(3490,'YA38380CHI'),
(3491,'YA38391CHI'),
(3492,'YA38402CHI'),
(3493,'YA38413CHI'),
(3494,'YA38424CHI'),
(3495,'YA38435CHI'),
(3496,'YA38446CHI'),
(3497,'YA38457CHI'),
(3498,'YA38468CHI'),
(3499,'YA38479CHI'),
(3500,'YA38490CHI'),
(3501,'YA38501CHI'),
(3502,'YA38512CHI'),
(3503,'YA38523CHI'),
(3504,'YA38534CHI'),
(3505,'YA38545CHI'),
(3506,'YA38556CHI'),
(3507,'YA38567CHI'),
(3508,'YA38578CHI'),
(3509,'YA38589CHI'),
(3510,'YA38600CHI'),
(3511,'YA38611CHI'),
(3512,'YA38622CHI'),
(3513,'YA38633CHI'),
(3514,'YA38644CHI'),
(3515,'YA38655CHI'),
(3516,'YA38666CHI'),
(3517,'YA38677CHI'),
(3518,'YA38688CHI'),
(3519,'YA38699CHI'),
(3520,'YA38710CHI'),
(3521,'YA38721CHI'),
(3522,'YA38732CHI'),
(3523,'YA38743CHI'),
(3524,'YA38754CHI'),
(3525,'YA38765CHI'),
(3526,'YA38776CHI'),
(3527,'YA38787CHI'),
(3528,'YA38798CHI'),
(3529,'YA38809CHI'),
(3530,'YA38820CHI'),
(3531,'YA38831CHI'),
(3532,'YA38842CHI'),
(3533,'YA38853CHI'),
(3534,'YA38864CHI'),
(3535,'YA38875CHI'),
(3536,'YA38886CHI'),
(3537,'YA38897CHI'),
(3538,'YA38908CHI'),
(3539,'YA38919CHI'),
(3540,'YA38930CHI'),
(3541,'YA38941CHI'),
(3542,'YA38952CHI'),
(3543,'YA38963CHI'),
(3544,'YA38974CHI'),
(3545,'YA38985CHI'),
(3546,'YA38996CHI'),
(3547,'YA39007CHI'),
(3548,'YA39018CHI'),
(3549,'YA39029CHI'),
(3550,'YA39040CHI'),
(3551,'YA39051CHI'),
(3552,'YA39062CHI'),
(3553,'YA39073CHI'),
(3554,'YA39084CHI'),
(3555,'YA39095CHI'),
(3556,'YA39106CHI'),
(3557,'YA39117CHI'),
(3558,'YA39128CHI'),
(3559,'YA39139CHI'),
(3560,'YA39150CHI'),
(3561,'YA39161CHI'),
(3562,'YA39172CHI'),
(3563,'YA39183CHI'),
(3564,'YA39194CHI'),
(3565,'YA39205CHI'),
(3566,'YA39216CHI'),
(3567,'YA39227CHI'),
(3568,'YA39238CHI'),
(3569,'YA39249CHI'),
(3570,'YA39260CHI'),
(3571,'YA39271CHI'),
(3572,'YA39282CHI'),
(3573,'YA39293CHI'),
(3574,'YA39304CHI'),
(3575,'YA39315CHI'),
(3576,'YA39326CHI'),
(3577,'YA39337CHI'),
(3578,'YA39348CHI'),
(3579,'YA39359CHI'),
(3580,'YA39370CHI'),
(3581,'YA39381CHI'),
(3582,'YA39392CHI'),
(3583,'YA39403CHI'),
(3584,'YA39414CHI'),
(3585,'YA39425CHI'),
(3586,'YA39436CHI'),
(3587,'YA39447CHI'),
(3588,'YA39458CHI'),
(3589,'YA39469CHI'),
(3590,'YA39480CHI'),
(3591,'YA39491CHI'),
(3592,'YA39502CHI'),
(3593,'YA39513CHI'),
(3594,'YA39524CHI'),
(3595,'YA39535CHI'),
(3596,'YA39546CHI'),
(3597,'YA39557CHI'),
(3598,'YA39568CHI'),
(3599,'YA39579CHI'),
(3600,'YA39590CHI'),
(3601,'YA39601CHI'),
(3602,'YA39612CHI'),
(3603,'YA39623CHI'),
(3604,'YA39634CHI'),
(3605,'YA39645CHI'),
(3606,'YA39656CHI'),
(3607,'YA39667CHI'),
(3608,'YA39678CHI'),
(3609,'YA39689CHI'),
(3610,'YA39700CHI'),
(3611,'YA39711CHI'),
(3612,'YA39722CHI'),
(3613,'YA39733CHI'),
(3614,'YA39744CHI'),
(3615,'YA39755CHI'),
(3616,'YA39766CHI'),
(3617,'YA39777CHI'),
(3618,'YA39788CHI'),
(3619,'YA39799CHI'),
(3620,'YA39810CHI'),
(3621,'YA39821CHI'),
(3622,'YA39832CHI'),
(3623,'YA39843CHI'),
(3624,'YA39854CHI'),
(3625,'YA39865CHI'),
(3626,'YA39876CHI'),
(3627,'YA39887CHI'),
(3628,'YA39898CHI'),
(3629,'YA39909CHI'),
(3630,'YA39920CHI'),
(3631,'YA39931CHI'),
(3632,'YA39942CHI'),
(3633,'YA39953CHI'),
(3634,'YA39964CHI'),
(3635,'YA39975CHI'),
(3636,'YA39986CHI'),
(3637,'YA39997CHI'),
(3638,'YA40008CHI'),
(3639,'YA40019CHI'),
(3640,'YA40030CHI'),
(3641,'YA40041CHI'),
(3642,'YA40052CHI'),
(3643,'YA40063CHI'),
(3644,'YA40074CHI'),
(3645,'YA40085CHI'),
(3646,'YA40096CHI'),
(3647,'YA40107CHI'),
(3648,'YA40118CHI'),
(3649,'YA40129CHI'),
(3650,'YA40140CHI'),
(3651,'YA40151CHI'),
(3652,'YA40162CHI'),
(3653,'YA40173CHI'),
(3654,'YA40184CHI'),
(3655,'YA40195CHI'),
(3656,'YA40206CHI'),
(3657,'YA40217CHI'),
(3658,'YA40228CHI'),
(3659,'YA40239CHI'),
(3660,'YA40250CHI'),
(3661,'YA40261CHI'),
(3662,'YA40272CHI'),
(3663,'YA40283CHI'),
(3664,'YA40294CHI'),
(3665,'YA40305CHI'),
(3666,'YA40316CHI'),
(3667,'YA40327CHI'),
(3668,'YA40338CHI'),
(3669,'YA40349CHI'),
(3670,'YA40360CHI'),
(3671,'YA40371CHI'),
(3672,'YA40382CHI'),
(3673,'YA40393CHI'),
(3674,'YA40404CHI'),
(3675,'YA40415CHI'),
(3676,'YA40426CHI'),
(3677,'YA40437CHI'),
(3678,'YA40448CHI'),
(3679,'YA40459CHI'),
(3680,'YA40470CHI'),
(3681,'YA40481CHI'),
(3682,'YA40492CHI'),
(3683,'YA40503CHI'),
(3684,'YA40514CHI'),
(3685,'YA40525CHI'),
(3686,'YA40536CHI'),
(3687,'YA40547CHI'),
(3688,'YA40558CHI'),
(3689,'YA40569CHI'),
(3690,'YA40580CHI'),
(3691,'YA40591CHI'),
(3692,'YA40602CHI'),
(3693,'YA40613CHI'),
(3694,'YA40624CHI'),
(3695,'YA40635CHI'),
(3696,'YA40646CHI'),
(3697,'YA40657CHI'),
(3698,'YA40668CHI'),
(3699,'YA40679CHI'),
(3700,'YA40690CHI'),
(3701,'YA40701CHI'),
(3702,'YA40712CHI'),
(3703,'YA40723CHI'),
(3704,'YA40734CHI'),
(3705,'YA40745CHI'),
(3706,'YA40756CHI'),
(3707,'YA40767CHI'),
(3708,'YA40778CHI'),
(3709,'YA40789CHI'),
(3710,'YA40800CHI'),
(3711,'YA40811CHI'),
(3712,'YA40822CHI'),
(3713,'YA40833CHI'),
(3714,'YA40844CHI'),
(3715,'YA40855CHI'),
(3716,'YA40866CHI'),
(3717,'YA40877CHI'),
(3718,'YA40888CHI'),
(3719,'YA40899CHI'),
(3720,'YA40910CHI'),
(3721,'YA40921CHI'),
(3722,'YA40932CHI'),
(3723,'YA40943CHI'),
(3724,'YA40954CHI'),
(3725,'YA40965CHI'),
(3726,'YA40976CHI'),
(3727,'YA40987CHI'),
(3728,'YA40998CHI'),
(3729,'YA41009CHI'),
(3730,'YA41020CHI'),
(3731,'YA41031CHI'),
(3732,'YA41042CHI'),
(3733,'YA41053CHI'),
(3734,'YA41064CHI'),
(3735,'YA41075CHI'),
(3736,'YA41086CHI'),
(3737,'YA41097CHI'),
(3738,'YA41108CHI'),
(3739,'YA41119CHI'),
(3740,'YA41130CHI'),
(3741,'YA41141CHI'),
(3742,'YA41152CHI'),
(3743,'YA41163CHI'),
(3744,'YA41174CHI'),
(3745,'YA41185CHI'),
(3746,'YA41196CHI'),
(3747,'YA41207CHI'),
(3748,'YA41218CHI'),
(3749,'YA41229CHI'),
(3750,'YA41240CHI'),
(3751,'YA41251CHI'),
(3752,'YA41262CHI'),
(3753,'YA41273CHI'),
(3754,'YA41284CHI'),
(3755,'YA41295CHI'),
(3756,'YA41306CHI'),
(3757,'YA41317CHI'),
(3758,'YA41328CHI'),
(3759,'YA41339CHI'),
(3760,'YA41350CHI'),
(3761,'YA41361CHI'),
(3762,'YA41372CHI'),
(3763,'YA41383CHI'),
(3764,'YA41394CHI'),
(3765,'YA41405CHI'),
(3766,'YA41416CHI'),
(3767,'YA41427CHI'),
(3768,'YA41438CHI'),
(3769,'YA41449CHI'),
(3770,'YA41460CHI'),
(3771,'YA41471CHI'),
(3772,'YA41482CHI'),
(3773,'YA41493CHI'),
(3774,'YA41504CHI'),
(3775,'YA41515CHI'),
(3776,'YA41526CHI'),
(3777,'YA41537CHI'),
(3778,'YA41548CHI'),
(3779,'YA41559CHI'),
(3780,'YA41570CHI'),
(3781,'YA41581CHI'),
(3782,'YA41592CHI'),
(3783,'YA41603CHI'),
(3784,'YA41614CHI'),
(3785,'YA41625CHI'),
(3786,'YA41636CHI'),
(3787,'YA41647CHI'),
(3788,'YA41658CHI'),
(3789,'YA41669CHI'),
(3790,'YA41680CHI'),
(3791,'YA41691CHI'),
(3792,'YA41702CHI'),
(3793,'YA41713CHI'),
(3794,'YA41724CHI'),
(3795,'YA41735CHI'),
(3796,'YA41746CHI'),
(3797,'YA41757CHI'),
(3798,'YA41768CHI'),
(3799,'YA41779CHI'),
(3800,'YA41790CHI'),
(3801,'YA41801CHI'),
(3802,'YA41812CHI'),
(3803,'YA41823CHI'),
(3804,'YA41834CHI'),
(3805,'YA41845CHI'),
(3806,'YA41856CHI'),
(3807,'YA41867CHI'),
(3808,'YA41878CHI'),
(3809,'YA41889CHI'),
(3810,'YA41900CHI'),
(3811,'YA41911CHI'),
(3812,'YA41922CHI'),
(3813,'YA41933CHI'),
(3814,'YA41944CHI'),
(3815,'YA41955CHI'),
(3816,'YA41966CHI'),
(3817,'YA41977CHI'),
(3818,'YA41988CHI'),
(3819,'YA41999CHI'),
(3820,'YA42010CHI'),
(3821,'YA42021CHI'),
(3822,'YA42032CHI'),
(3823,'YA42043CHI'),
(3824,'YA42054CHI'),
(3825,'YA42065CHI'),
(3826,'YA42076CHI'),
(3827,'YA42087CHI'),
(3828,'YA42098CHI'),
(3829,'YA42109CHI'),
(3830,'YA42120CHI'),
(3831,'YA42131CHI'),
(3832,'YA42142CHI'),
(3833,'YA42153CHI'),
(3834,'YA42164CHI'),
(3835,'YA42175CHI'),
(3836,'YA42186CHI'),
(3837,'YA42197CHI'),
(3838,'YA42208CHI'),
(3839,'YA42219CHI'),
(3840,'YA42230CHI'),
(3841,'YA42241CHI'),
(3842,'YA42252CHI'),
(3843,'YA42263CHI'),
(3844,'YA42274CHI'),
(3845,'YA42285CHI'),
(3846,'YA42296CHI'),
(3847,'YA42307CHI'),
(3848,'YA42318CHI'),
(3849,'YA42329CHI'),
(3850,'YA42340CHI'),
(3851,'YA42351CHI'),
(3852,'YA42362CHI'),
(3853,'YA42373CHI'),
(3854,'YA42384CHI'),
(3855,'YA42395CHI'),
(3856,'YA42406CHI'),
(3857,'YA42417CHI'),
(3858,'YA42428CHI'),
(3859,'YA42439CHI'),
(3860,'YA42450CHI'),
(3861,'YA42461CHI'),
(3862,'YA42472CHI'),
(3863,'YA42483CHI'),
(3864,'YA42494CHI'),
(3865,'YA42505CHI'),
(3866,'YA42516CHI'),
(3867,'YA42527CHI'),
(3868,'YA42538CHI'),
(3869,'YA42549CHI'),
(3870,'YA42560CHI'),
(3871,'YA42571CHI'),
(3872,'YA42582CHI'),
(3873,'YA42593CHI'),
(3874,'YA42604CHI'),
(3875,'YA42615CHI'),
(3876,'YA42626CHI'),
(3877,'YA42637CHI'),
(3878,'YA42648CHI'),
(3879,'YA42659CHI'),
(3880,'YA42670CHI'),
(3881,'YA42681CHI'),
(3882,'YA42692CHI'),
(3883,'YA42703CHI'),
(3884,'YA42714CHI'),
(3885,'YA42725CHI'),
(3886,'YA42736CHI'),
(3887,'YA42747CHI'),
(3888,'YA42758CHI'),
(3889,'YA42769CHI'),
(3890,'YA42780CHI'),
(3891,'YA42791CHI'),
(3892,'YA42802CHI'),
(3893,'YA42813CHI'),
(3894,'YA42824CHI'),
(3895,'YA42835CHI'),
(3896,'YA42846CHI'),
(3897,'YA42857CHI'),
(3898,'YA42868CHI'),
(3899,'YA42879CHI'),
(3900,'YA42890CHI'),
(3901,'YA42901CHI'),
(3902,'YA42912CHI'),
(3903,'YA42923CHI'),
(3904,'YA42934CHI'),
(3905,'YA42945CHI'),
(3906,'YA42956CHI'),
(3907,'YA42967CHI'),
(3908,'YA42978CHI'),
(3909,'YA42989CHI'),
(3910,'YA43000CHI'),
(3911,'YA43011CHI'),
(3912,'YA43022CHI'),
(3913,'YA43033CHI'),
(3914,'YA43044CHI'),
(3915,'YA43055CHI'),
(3916,'YA43066CHI'),
(3917,'YA43077CHI'),
(3918,'YA43088CHI'),
(3919,'YA43099CHI'),
(3920,'YA43110CHI'),
(3921,'YA43121CHI'),
(3922,'YA43132CHI'),
(3923,'YA43143CHI'),
(3924,'YA43154CHI'),
(3925,'YA43165CHI'),
(3926,'YA43176CHI'),
(3927,'YA43187CHI'),
(3928,'YA43198CHI'),
(3929,'YA43209CHI'),
(3930,'YA43220CHI'),
(3931,'YA43231CHI'),
(3932,'YA43242CHI'),
(3933,'YA43253CHI'),
(3934,'YA43264CHI'),
(3935,'YA43275CHI'),
(3936,'YA43286CHI'),
(3937,'YA43297CHI'),
(3938,'YA43308CHI'),
(3939,'YA43319CHI'),
(3940,'YA43330CHI'),
(3941,'YA43341CHI'),
(3942,'YA43352CHI'),
(3943,'YA43363CHI'),
(3944,'YA43374CHI'),
(3945,'YA43385CHI'),
(3946,'YA43396CHI'),
(3947,'YA43407CHI'),
(3948,'YA43418CHI'),
(3949,'YA43429CHI'),
(3950,'YA43440CHI'),
(3951,'YA43451CHI'),
(3952,'YA43462CHI'),
(3953,'YA43473CHI'),
(3954,'YA43484CHI'),
(3955,'YA43495CHI'),
(3956,'YA43506CHI'),
(3957,'YA43517CHI'),
(3958,'YA43528CHI'),
(3959,'YA43539CHI'),
(3960,'YA43550CHI'),
(3961,'YA43561CHI'),
(3962,'YA43572CHI'),
(3963,'YA43583CHI'),
(3964,'YA43594CHI'),
(3965,'YA43605CHI'),
(3966,'YA43616CHI'),
(3967,'YA43627CHI'),
(3968,'YA43638CHI'),
(3969,'YA43649CHI'),
(3970,'YA43660CHI'),
(3971,'YA43671CHI'),
(3972,'YA43682CHI'),
(3973,'YA43693CHI'),
(3974,'YA43704CHI'),
(3975,'YA43715CHI'),
(3976,'YA43726CHI'),
(3977,'YA43737CHI'),
(3978,'YA43748CHI'),
(3979,'YA43759CHI'),
(3980,'YA43770CHI'),
(3981,'YA43781CHI'),
(3982,'YA43792CHI'),
(3983,'YA43803CHI'),
(3984,'YA43814CHI'),
(3985,'YA43825CHI'),
(3986,'YA43836CHI'),
(3987,'YA43847CHI'),
(3988,'YA43858CHI'),
(3989,'YA43869CHI'),
(3990,'YA43880CHI'),
(3991,'YA43891CHI'),
(3992,'YA43902CHI'),
(3993,'YA43913CHI'),
(3994,'YA43924CHI'),
(3995,'YA43935CHI'),
(3996,'YA43946CHI'),
(3997,'YA43957CHI'),
(3998,'YA43968CHI'),
(3999,'YA43979CHI'),
(4000,'YA43990CHI'),
(4001,'YA44001CHI'),
(4002,'YA44012CHI'),
(4003,'YA44023CHI'),
(4004,'YA44034CHI'),
(4005,'YA44045CHI'),
(4006,'YA44056CHI'),
(4007,'YA44067CHI'),
(4008,'YA44078CHI'),
(4009,'YA44089CHI'),
(4010,'YA44100CHI'),
(4011,'YA44111CHI'),
(4012,'YA44122CHI'),
(4013,'YA44133CHI'),
(4014,'YA44144CHI'),
(4015,'YA44155CHI'),
(4016,'YA44166CHI'),
(4017,'YA44177CHI'),
(4018,'YA44188CHI'),
(4019,'YA44199CHI'),
(4020,'YA44210CHI'),
(4021,'YA44221CHI'),
(4022,'YA44232CHI'),
(4023,'YA44243CHI'),
(4024,'YA44254CHI'),
(4025,'YA44265CHI'),
(4026,'YA44276CHI'),
(4027,'YA44287CHI'),
(4028,'YA44298CHI'),
(4029,'YA44309CHI'),
(4030,'YA44320CHI'),
(4031,'YA44331CHI'),
(4032,'YA44342CHI'),
(4033,'YA44353CHI'),
(4034,'YA44364CHI'),
(4035,'YA44375CHI'),
(4036,'YA44386CHI'),
(4037,'YA44397CHI'),
(4038,'YA44408CHI'),
(4039,'YA44419CHI'),
(4040,'YA44430CHI'),
(4041,'YA44441CHI'),
(4042,'YA44452CHI'),
(4043,'YA44463CHI'),
(4044,'YA44474CHI'),
(4045,'YA44485CHI'),
(4046,'YA44496CHI'),
(4047,'YA44507CHI'),
(4048,'YA44518CHI'),
(4049,'YA44529CHI'),
(4050,'YA44540CHI'),
(4051,'YA44551CHI'),
(4052,'YA44562CHI'),
(4053,'YA44573CHI'),
(4054,'YA44584CHI'),
(4055,'YA44595CHI'),
(4056,'YA44606CHI'),
(4057,'YA44617CHI'),
(4058,'YA44628CHI'),
(4059,'YA44639CHI'),
(4060,'YA44650CHI'),
(4061,'YA44661CHI'),
(4062,'YA44672CHI'),
(4063,'YA44683CHI'),
(4064,'YA44694CHI'),
(4065,'YA44705CHI'),
(4066,'YA44716CHI'),
(4067,'YA44727CHI'),
(4068,'YA44738CHI'),
(4069,'YA44749CHI'),
(4070,'YA44760CHI'),
(4071,'YA44771CHI'),
(4072,'YA44782CHI'),
(4073,'YA44793CHI'),
(4074,'YA44804CHI'),
(4075,'YA44815CHI'),
(4076,'YA44826CHI'),
(4077,'YA44837CHI'),
(4078,'YA44848CHI'),
(4079,'YA44859CHI'),
(4080,'YA44870CHI'),
(4081,'YA44881CHI'),
(4082,'YA44892CHI'),
(4083,'YA44903CHI'),
(4084,'YA44914CHI'),
(4085,'YA44925CHI'),
(4086,'YA44936CHI'),
(4087,'YA44947CHI'),
(4088,'YA44958CHI'),
(4089,'YA44969CHI'),
(4090,'YA44980CHI'),
(4091,'YA44991CHI'),
(4092,'YA45002CHI'),
(4093,'YA45013CHI'),
(4094,'YA45024CHI'),
(4095,'YA45035CHI'),
(4096,'YA45046CHI'),
(4097,'YA45057CHI'),
(4098,'YA45068CHI'),
(4099,'YA45079CHI'),
(4100,'YA45090CHI'),
(4101,'YA45101CHI'),
(4102,'YA45112CHI'),
(4103,'YA45123CHI'),
(4104,'YA45134CHI'),
(4105,'YA45145CHI'),
(4106,'YA45156CHI'),
(4107,'YA45167CHI'),
(4108,'YA45178CHI'),
(4109,'YA45189CHI'),
(4110,'YA45200CHI'),
(4111,'YA45211CHI'),
(4112,'YA45222CHI'),
(4113,'YA45233CHI'),
(4114,'YA45244CHI'),
(4115,'YA45255CHI'),
(4116,'YA45266CHI'),
(4117,'YA45277CHI'),
(4118,'YA45288CHI'),
(4119,'YA45299CHI'),
(4120,'YA45310CHI'),
(4121,'YA45321CHI'),
(4122,'YA45332CHI'),
(4123,'YA45343CHI'),
(4124,'YA45354CHI'),
(4125,'YA45365CHI'),
(4126,'YA45376CHI'),
(4127,'YA45387CHI'),
(4128,'YA45398CHI'),
(4129,'YA45409CHI'),
(4130,'YA45420CHI'),
(4131,'YA45431CHI'),
(4132,'YA45442CHI'),
(4133,'YA45453CHI'),
(4134,'YA45464CHI'),
(4135,'YA45475CHI'),
(4136,'YA45486CHI'),
(4137,'YA45497CHI'),
(4138,'YA45508CHI'),
(4139,'YA45519CHI'),
(4140,'YA45530CHI'),
(4141,'YA45541CHI'),
(4142,'YA45552CHI'),
(4143,'YA45563CHI'),
(4144,'YA45574CHI'),
(4145,'YA45585CHI'),
(4146,'YA45596CHI'),
(4147,'YA45607CHI'),
(4148,'YA45618CHI'),
(4149,'YA45629CHI'),
(4150,'YA45640CHI'),
(4151,'YA45651CHI'),
(4152,'YA45662CHI'),
(4153,'YA45673CHI'),
(4154,'YA45684CHI'),
(4155,'YA45695CHI'),
(4156,'YA45706CHI'),
(4157,'YA45717CHI'),
(4158,'YA45728CHI'),
(4159,'YA45739CHI'),
(4160,'YA45750CHI'),
(4161,'YA45761CHI'),
(4162,'YA45772CHI'),
(4163,'YA45783CHI'),
(4164,'YA45794CHI'),
(4165,'YA45805CHI'),
(4166,'YA45816CHI'),
(4167,'YA45827CHI'),
(4168,'YA45838CHI'),
(4169,'YA45849CHI'),
(4170,'YA45860CHI'),
(4171,'YA45871CHI'),
(4172,'YA45882CHI'),
(4173,'YA45893CHI'),
(4174,'YA45904CHI'),
(4175,'YA45915CHI'),
(4176,'YA45926CHI'),
(4177,'YA45937CHI'),
(4178,'YA45948CHI'),
(4179,'YA45959CHI'),
(4180,'YA45970CHI'),
(4181,'YA45981CHI'),
(4182,'YA45992CHI'),
(4183,'YA46003CHI'),
(4184,'YA46014CHI'),
(4185,'YA46025CHI'),
(4186,'YA46036CHI'),
(4187,'YA46047CHI'),
(4188,'YA46058CHI'),
(4189,'YA46069CHI'),
(4190,'YA46080CHI'),
(4191,'YA46091CHI'),
(4192,'YA46102CHI'),
(4193,'YA46113CHI'),
(4194,'YA46124CHI'),
(4195,'YA46135CHI'),
(4196,'YA46146CHI'),
(4197,'YA46157CHI'),
(4198,'YA46168CHI'),
(4199,'YA46179CHI'),
(4200,'YA46190CHI'),
(4201,'YA46201CHI'),
(4202,'YA46212CHI'),
(4203,'YA46223CHI'),
(4204,'YA46234CHI'),
(4205,'YA46245CHI'),
(4206,'YA46256CHI'),
(4207,'YA46267CHI'),
(4208,'YA46278CHI'),
(4209,'YA46289CHI'),
(4210,'YA46300CHI'),
(4211,'YA46311CHI'),
(4212,'YA46322CHI'),
(4213,'YA46333CHI'),
(4214,'YA46344CHI'),
(4215,'YA46355CHI'),
(4216,'YA46366CHI'),
(4217,'YA46377CHI'),
(4218,'YA46388CHI'),
(4219,'YA46399CHI'),
(4220,'YA46410CHI'),
(4221,'YA46421CHI'),
(4222,'YA46432CHI'),
(4223,'YA46443CHI'),
(4224,'YA46454CHI'),
(4225,'YA46465CHI'),
(4226,'YA46476CHI'),
(4227,'YA46487CHI'),
(4228,'YA46498CHI'),
(4229,'YA46509CHI'),
(4230,'YA46520CHI'),
(4231,'YA46531CHI'),
(4232,'YA46542CHI'),
(4233,'YA46553CHI'),
(4234,'YA46564CHI'),
(4235,'YA46575CHI'),
(4236,'YA46586CHI'),
(4237,'YA46597CHI'),
(4238,'YA46608CHI'),
(4239,'YA46619CHI'),
(4240,'YA46630CHI'),
(4241,'YA46641CHI'),
(4242,'YA46652CHI'),
(4243,'YA46663CHI'),
(4244,'YA46674CHI'),
(4245,'YA46685CHI'),
(4246,'YA46696CHI'),
(4247,'YA46707CHI'),
(4248,'YA46718CHI'),
(4249,'YA46729CHI'),
(4250,'YA46740CHI'),
(4251,'YA46751CHI'),
(4252,'YA46762CHI'),
(4253,'YA46773CHI'),
(4254,'YA46784CHI'),
(4255,'YA46795CHI'),
(4256,'YA46806CHI'),
(4257,'YA46817CHI'),
(4258,'YA46828CHI'),
(4259,'YA46839CHI'),
(4260,'YA46850CHI'),
(4261,'YA46861CHI'),
(4262,'YA46872CHI'),
(4263,'YA46883CHI'),
(4264,'YA46894CHI'),
(4265,'YA46905CHI'),
(4266,'YA46916CHI'),
(4267,'YA46927CHI'),
(4268,'YA46938CHI'),
(4269,'YA46949CHI'),
(4270,'YA46960CHI'),
(4271,'YA46971CHI'),
(4272,'YA46982CHI'),
(4273,'YA46993CHI'),
(4274,'YA47004CHI'),
(4275,'YA47015CHI'),
(4276,'YA47026CHI'),
(4277,'YA47037CHI'),
(4278,'YA47048CHI'),
(4279,'YA47059CHI'),
(4280,'YA47070CHI'),
(4281,'YA47081CHI'),
(4282,'YA47092CHI'),
(4283,'YA47103CHI'),
(4284,'YA47114CHI'),
(4285,'YA47125CHI'),
(4286,'YA47136CHI'),
(4287,'YA47147CHI'),
(4288,'YA47158CHI'),
(4289,'YA47169CHI'),
(4290,'YA47180CHI'),
(4291,'YA47191CHI'),
(4292,'YA47202CHI'),
(4293,'YA47213CHI'),
(4294,'YA47224CHI'),
(4295,'YA47235CHI'),
(4296,'YA47246CHI'),
(4297,'YA47257CHI'),
(4298,'YA47268CHI'),
(4299,'YA47279CHI'),
(4300,'YA47290CHI'),
(4301,'YA47301CHI'),
(4302,'YA47312CHI'),
(4303,'YA47323CHI'),
(4304,'YA47334CHI'),
(4305,'YA47345CHI'),
(4306,'YA47356CHI'),
(4307,'YA47367CHI'),
(4308,'YA47378CHI'),
(4309,'YA47389CHI'),
(4310,'YA47400CHI'),
(4311,'YA47411CHI'),
(4312,'YA47422CHI'),
(4313,'YA47433CHI'),
(4314,'YA47444CHI'),
(4315,'YA47455CHI'),
(4316,'YA47466CHI'),
(4317,'YA47477CHI'),
(4318,'YA47488CHI'),
(4319,'YA47499CHI'),
(4320,'YA47510CHI'),
(4321,'YA47521CHI'),
(4322,'YA47532CHI'),
(4323,'YA47543CHI'),
(4324,'YA47554CHI'),
(4325,'YA47565CHI'),
(4326,'YA47576CHI'),
(4327,'YA47587CHI'),
(4328,'YA47598CHI'),
(4329,'YA47609CHI'),
(4330,'YA47620CHI'),
(4331,'YA47631CHI'),
(4332,'YA47642CHI'),
(4333,'YA47653CHI'),
(4334,'YA47664CHI'),
(4335,'YA47675CHI'),
(4336,'YA47686CHI'),
(4337,'YA47697CHI'),
(4338,'YA47708CHI'),
(4339,'YA47719CHI'),
(4340,'YA47730CHI'),
(4341,'YA47741CHI'),
(4342,'YA47752CHI'),
(4343,'YA47763CHI'),
(4344,'YA47774CHI'),
(4345,'YA47785CHI'),
(4346,'YA47796CHI'),
(4347,'YA47807CHI'),
(4348,'YA47818CHI'),
(4349,'YA47829CHI'),
(4350,'YA47840CHI'),
(4351,'YA47851CHI'),
(4352,'YA47862CHI'),
(4353,'YA47873CHI'),
(4354,'YA47884CHI'),
(4355,'YA47895CHI'),
(4356,'YA47906CHI'),
(4357,'YA47917CHI'),
(4358,'YA47928CHI'),
(4359,'YA47939CHI'),
(4360,'YA47950CHI'),
(4361,'YA47961CHI'),
(4362,'YA47972CHI'),
(4363,'YA47983CHI'),
(4364,'YA47994CHI'),
(4365,'YA48005CHI'),
(4366,'YA48016CHI'),
(4367,'YA48027CHI'),
(4368,'YA48038CHI'),
(4369,'YA48049CHI'),
(4370,'YA48060CHI'),
(4371,'YA48071CHI'),
(4372,'YA48082CHI'),
(4373,'YA48093CHI'),
(4374,'YA48104CHI'),
(4375,'YA48115CHI'),
(4376,'YA48126CHI'),
(4377,'YA48137CHI'),
(4378,'YA48148CHI'),
(4379,'YA48159CHI'),
(4380,'YA48170CHI'),
(4381,'YA48181CHI'),
(4382,'YA48192CHI'),
(4383,'YA48203CHI'),
(4384,'YA48214CHI'),
(4385,'YA48225CHI'),
(4386,'YA48236CHI'),
(4387,'YA48247CHI'),
(4388,'YA48258CHI'),
(4389,'YA48269CHI'),
(4390,'YA48280CHI'),
(4391,'YA48291CHI'),
(4392,'YA48302CHI'),
(4393,'YA48313CHI'),
(4394,'YA48324CHI'),
(4395,'YA48335CHI'),
(4396,'YA48346CHI'),
(4397,'YA48357CHI'),
(4398,'YA48368CHI'),
(4399,'YA48379CHI'),
(4400,'YA48390CHI'),
(4401,'YA48401CHI'),
(4402,'YA48412CHI'),
(4403,'YA48423CHI'),
(4404,'YA48434CHI'),
(4405,'YA48445CHI'),
(4406,'YA48456CHI'),
(4407,'YA48467CHI'),
(4408,'YA48478CHI'),
(4409,'YA48489CHI'),
(4410,'YA48500CHI'),
(4411,'YA48511CHI'),
(4412,'YA48522CHI'),
(4413,'YA48533CHI'),
(4414,'YA48544CHI'),
(4415,'YA48555CHI'),
(4416,'YA48566CHI'),
(4417,'YA48577CHI'),
(4418,'YA48588CHI'),
(4419,'YA48599CHI'),
(4420,'YA48610CHI'),
(4421,'YA48621CHI'),
(4422,'YA48632CHI'),
(4423,'YA48643CHI'),
(4424,'YA48654CHI'),
(4425,'YA48665CHI'),
(4426,'YA48676CHI'),
(4427,'YA48687CHI'),
(4428,'YA48698CHI'),
(4429,'YA48709CHI'),
(4430,'YA48720CHI'),
(4431,'YA48731CHI'),
(4432,'YA48742CHI'),
(4433,'YA48753CHI'),
(4434,'YA48764CHI'),
(4435,'YA48775CHI'),
(4436,'YA48786CHI'),
(4437,'YA48797CHI'),
(4438,'YA48808CHI'),
(4439,'YA48819CHI'),
(4440,'YA48830CHI'),
(4441,'YA48841CHI'),
(4442,'YA48852CHI'),
(4443,'YA48863CHI'),
(4444,'YA48874CHI'),
(4445,'YA48885CHI'),
(4446,'YA48896CHI'),
(4447,'YA48907CHI'),
(4448,'YA48918CHI'),
(4449,'YA48929CHI'),
(4450,'YA48940CHI'),
(4451,'YA48951CHI'),
(4452,'YA48962CHI'),
(4453,'YA48973CHI'),
(4454,'YA48984CHI'),
(4455,'YA48995CHI'),
(4456,'YA49006CHI'),
(4457,'YA49017CHI'),
(4458,'YA49028CHI'),
(4459,'YA49039CHI'),
(4460,'YA49050CHI'),
(4461,'YA49061CHI'),
(4462,'YA49072CHI'),
(4463,'YA49083CHI'),
(4464,'YA49094CHI'),
(4465,'YA49105CHI'),
(4466,'YA49116CHI'),
(4467,'YA49127CHI'),
(4468,'YA49138CHI'),
(4469,'YA49149CHI'),
(4470,'YA49160CHI'),
(4471,'YA49171CHI'),
(4472,'YA49182CHI'),
(4473,'YA49193CHI'),
(4474,'YA49204CHI'),
(4475,'YA49215CHI'),
(4476,'YA49226CHI'),
(4477,'YA49237CHI'),
(4478,'YA49248CHI'),
(4479,'YA49259CHI'),
(4480,'YA49270CHI'),
(4481,'YA49281CHI'),
(4482,'YA49292CHI'),
(4483,'YA49303CHI'),
(4484,'YA49314CHI'),
(4485,'YA49325CHI'),
(4486,'YA49336CHI'),
(4487,'YA49347CHI'),
(4488,'YA49358CHI'),
(4489,'YA49369CHI'),
(4490,'YA49380CHI'),
(4491,'YA49391CHI'),
(4492,'YA49402CHI'),
(4493,'YA49413CHI'),
(4494,'YA49424CHI'),
(4495,'YA49435CHI'),
(4496,'YA49446CHI'),
(4497,'YA49457CHI'),
(4498,'YA49468CHI'),
(4499,'YA49479CHI'),
(4500,'YA49490CHI'),
(4501,'YA49501CHI'),
(4502,'YA49512CHI'),
(4503,'YA49523CHI'),
(4504,'YA49534CHI'),
(4505,'YA49545CHI'),
(4506,'YA49556CHI'),
(4507,'YA49567CHI'),
(4508,'YA49578CHI'),
(4509,'YA49589CHI'),
(4510,'YA49600CHI'),
(4511,'YA49611CHI'),
(4512,'YA49622CHI'),
(4513,'YA49633CHI'),
(4514,'YA49644CHI'),
(4515,'YA49655CHI'),
(4516,'YA49666CHI'),
(4517,'YA49677CHI'),
(4518,'YA49688CHI'),
(4519,'YA49699CHI'),
(4520,'YA49710CHI'),
(4521,'YA49721CHI'),
(4522,'YA49732CHI'),
(4523,'YA49743CHI'),
(4524,'YA49754CHI'),
(4525,'YA49765CHI'),
(4526,'YA49776CHI'),
(4527,'YA49787CHI'),
(4528,'YA49798CHI'),
(4529,'YA49809CHI'),
(4530,'YA49820CHI'),
(4531,'YA49831CHI'),
(4532,'YA49842CHI'),
(4533,'YA49853CHI'),
(4534,'YA49864CHI'),
(4535,'YA49875CHI'),
(4536,'YA49886CHI'),
(4537,'YA49897CHI'),
(4538,'YA49908CHI'),
(4539,'YA49919CHI'),
(4540,'YA49930CHI'),
(4541,'YA49941CHI'),
(4542,'YA49952CHI'),
(4543,'YA49963CHI'),
(4544,'YA49974CHI'),
(4545,'YA49985CHI'),
(4546,'YA49996CHI');

/*Table structure for table `role` */

DROP TABLE IF EXISTS `role`;

CREATE TABLE `role` (
  `id` int NOT NULL AUTO_INCREMENT,
  `role_code` varchar(255) DEFAULT NULL,
  `role_name` varchar(255) DEFAULT NULL,
  PRIMARY KEY (`id`)
) ENGINE=InnoDB AUTO_INCREMENT=2 DEFAULT CHARSET=utf8mb4 COLLATE=utf8mb4_0900_ai_ci;

/*Data for the table `role` */

insert  into `role`(`id`,`role_code`,`role_name`) values 
(1,'USER','會員');

/*Table structure for table `ship_type` */

DROP TABLE IF EXISTS `ship_type`;

CREATE TABLE `ship_type` (
  `ship_type_id` int NOT NULL AUTO_INCREMENT,
  `type_name` varchar(255) DEFAULT NULL,
  PRIMARY KEY (`ship_type_id`)
) ENGINE=InnoDB AUTO_INCREMENT=4 DEFAULT CHARSET=utf8mb4 COLLATE=utf8mb4_0900_ai_ci;

/*Data for the table `ship_type` */

insert  into `ship_type`(`ship_type_id`,`type_name`) values 
(1,'宅配到府'),
(2,'超商取貨'),
(3,'中華郵政');

/*Table structure for table `shop` */

DROP TABLE IF EXISTS `shop`;

CREATE TABLE `shop` (
  `shop_id` int NOT NULL AUTO_INCREMENT,
  `shop_addr` varchar(255) DEFAULT NULL,
  `shop_file_name` varchar(255) DEFAULT NULL,
  `shop_hours` varchar(255) DEFAULT NULL,
  `shop_hyperlink` varchar(255) DEFAULT NULL,
  `shop_info` varchar(255) DEFAULT NULL,
  `shop_media` longblob,
  `shop_memo` varchar(255) DEFAULT NULL,
  `shop_name` varchar(255) DEFAULT NULL,
  `shop_owner` varchar(255) DEFAULT NULL,
  `shop_phone` varchar(255) DEFAULT NULL,
  `shop_pic` longblob,
  `shop_score` double DEFAULT NULL,
  `FK_nightmarket_id` int DEFAULT NULL,
  `FK_shop_type_id` int DEFAULT NULL,
  PRIMARY KEY (`shop_id`),
  KEY `FKayhr6w5yps12nfh7t4ftywapw` (`FK_nightmarket_id`),
  KEY `FK3ucxfej4ev4agj9b5q2rt4w0m` (`FK_shop_type_id`),
  CONSTRAINT `FK3ucxfej4ev4agj9b5q2rt4w0m` FOREIGN KEY (`FK_shop_type_id`) REFERENCES `shop_type` (`shop_type_id`),
  CONSTRAINT `FKayhr6w5yps12nfh7t4ftywapw` FOREIGN KEY (`FK_nightmarket_id`) REFERENCES `nightmarket` (`market_id`)
) ENGINE=InnoDB DEFAULT CHARSET=utf8mb4 COLLATE=utf8mb4_0900_ai_ci;

/*Data for the table `shop` */

/*Table structure for table `shop_comment` */

DROP TABLE IF EXISTS `shop_comment`;

CREATE TABLE `shop_comment` (
  `shop_comment_id` int NOT NULL AUTO_INCREMENT,
  `shop_cmment_photo` longblob,
  `shop_comment_content` varchar(255) DEFAULT NULL,
  `shop_comment_memo` varchar(255) DEFAULT NULL,
  `shop_comment_time` datetime(6) DEFAULT NULL,
  `shop_response` varchar(255) DEFAULT NULL,
  `shop_score` double DEFAULT NULL,
  `FK_member_id` int DEFAULT NULL,
  `FK_shop_id` int DEFAULT NULL,
  PRIMARY KEY (`shop_comment_id`),
  KEY `FK9iejanwkfi7i9ecyvh55bamih` (`FK_member_id`),
  KEY `FKgx9dxp39pm4uwkl78gwpfkb2b` (`FK_shop_id`),
  CONSTRAINT `FK9iejanwkfi7i9ecyvh55bamih` FOREIGN KEY (`FK_member_id`) REFERENCES `member` (`memberId`),
  CONSTRAINT `FKgx9dxp39pm4uwkl78gwpfkb2b` FOREIGN KEY (`FK_shop_id`) REFERENCES `shop` (`shop_id`)
) ENGINE=InnoDB DEFAULT CHARSET=utf8mb4 COLLATE=utf8mb4_0900_ai_ci;

/*Data for the table `shop_comment` */

/*Table structure for table `shop_menu` */

DROP TABLE IF EXISTS `shop_menu`;

CREATE TABLE `shop_menu` (
  `menu_id` int NOT NULL AUTO_INCREMENT,
  `menu_detail` varchar(255) DEFAULT NULL,
  `menu_name` varchar(255) DEFAULT NULL,
  `menu_photo` longblob,
  `menu_price` double DEFAULT NULL,
  `FK_shop_id` int DEFAULT NULL,
  PRIMARY KEY (`menu_id`),
  KEY `FKtpd68t36nq2xm1dth3k9t8dr9` (`FK_shop_id`),
  CONSTRAINT `FKtpd68t36nq2xm1dth3k9t8dr9` FOREIGN KEY (`FK_shop_id`) REFERENCES `shop` (`shop_id`)
) ENGINE=InnoDB DEFAULT CHARSET=utf8mb4 COLLATE=utf8mb4_0900_ai_ci;

/*Data for the table `shop_menu` */

/*Table structure for table `shop_shoplist` */

DROP TABLE IF EXISTS `shop_shoplist`;

CREATE TABLE `shop_shoplist` (
  `FK_ShopList_id` int NOT NULL,
  `FK_Shop_id` int NOT NULL,
  PRIMARY KEY (`FK_ShopList_id`,`FK_Shop_id`),
  KEY `FKmm2suasksuig3iy7xsok9dhan` (`FK_Shop_id`),
  CONSTRAINT `FKllblb7lymn6lycstw7dp79uur` FOREIGN KEY (`FK_ShopList_id`) REFERENCES `favorite_shoplist` (`shop_list_id`),
  CONSTRAINT `FKmm2suasksuig3iy7xsok9dhan` FOREIGN KEY (`FK_Shop_id`) REFERENCES `shop` (`shop_id`)
) ENGINE=InnoDB DEFAULT CHARSET=utf8mb4 COLLATE=utf8mb4_0900_ai_ci;

/*Data for the table `shop_shoplist` */

/*Table structure for table `shop_type` */

DROP TABLE IF EXISTS `shop_type`;

CREATE TABLE `shop_type` (
  `shop_type_id` int NOT NULL AUTO_INCREMENT,
  `shop_type_memo` varchar(255) DEFAULT NULL,
  `shop_type_name` varchar(255) DEFAULT NULL,
  PRIMARY KEY (`shop_type_id`)
) ENGINE=InnoDB AUTO_INCREMENT=10 DEFAULT CHARSET=utf8mb4 COLLATE=utf8mb4_0900_ai_ci;

/*Data for the table `shop_type` */

insert  into `shop_type`(`shop_type_id`,`shop_type_memo`,`shop_type_name`) values 
(1,NULL,'中式料理'),
(2,NULL,'西式料理'),
(3,NULL,'日式料理'),
(4,NULL,'飲料'),
(5,NULL,'衣服'),
(6,NULL,'飾品'),
(7,NULL,'手機周邊'),
(8,NULL,'日常生活用品'),
(9,NULL,'遊戲');

/*!40101 SET SQL_MODE=@OLD_SQL_MODE */;
/*!40014 SET FOREIGN_KEY_CHECKS=@OLD_FOREIGN_KEY_CHECKS */;
/*!40014 SET UNIQUE_CHECKS=@OLD_UNIQUE_CHECKS */;
/*!40111 SET SQL_NOTES=@OLD_SQL_NOTES */;
