{"properties": [
  {
    "name": "spring.http.multipart.max-file-size",
    "type": "java.lang.String",
    "description": "A description for 'spring.http.multipart.max-file-size'"
  },
  {
    "name": "spring.http.multipart.max-request-size",
    "type": "java.lang.String",
    "description": "A description for 'spring.http.multipart.max-request-size'"
  },
  {
    "name": "spring.jpa.hibernate.naming-strategy",
    "type": "java.lang.String",
    "description": "A description for 'spring.jpa.hibernate.naming-strategy'"
  }
]}